organisation_identifier,url,format,title,category_code,language,document_date
44002,https://documents1.worldbank.org/curated/en/099101824180532047/pdf/BOSIB13bdde89d07f1b3711dd8e86adb477.pdf,application/pdf,The World Bank Annual Report 2024,B01,,
44002,http://documents1.worldbank.org/curated/en/459531582153485508/pdf/Additions-to-IDA-Resources-Nineteenth-Replenishment-Ten-Years-to-2030-Growth-People-Resilience.pdf,application/pdf,IDA19 Replenishment Agreement,B02,,
44002,https://documents1.worldbank.org/curated/en/163861645554924417/pdf/IDA20-Building-Back-Better-from-the-Crisis-Toward-a-Green-Resilient-and-Inclusive-Future.pdf,application/pdf,IDA20 Replenishment Agreement,B02,,
44002,https://ida.worldbank.org/en/replenishments/road-to-IDA21,text/html,IDA21 Replenishment Agreement,B02,,
44002,https://ida.worldbank.org/en/replenishments/road-to-IDA21,text/html,IDA21 Replenishment Agreement,B04,,
44002,https://documents1.worldbank.org/curated/en/163861645554924417/pdf/IDA20-Building-Back-Better-from-the-Crisis-Toward-a-Green-Resilient-and-Inclusive-Future.pdf,application/pdf,IDA20 Replenishment Agreement,B04,,
44002,http://documents1.worldbank.org/curated/en/459531582153485508/pdf/Additions-to-IDA-Resources-Nineteenth-Replenishment-Ten-Years-to-2030-Growth-People-Resilience.pdf,application/pdf,IDA19 Replenishment Agreement,B04,,
44002,https://ppfdocuments.azureedge.net/a3656cb7-8847-417b-886f-11fa0235216e.pdf,application/pdf,"Bank Policy: Procurement in IPF and Other Operational Procurement Matters, November 2017",B05,,
44002,https://worldbankgroup.sharepoint.com/sites/ppfonline/PPFDocuments/5b5c644f62c6465d9662329857a851e5.pdf,application/pdf,"Bank Directive: Procurement in IPF and Other Operational Procurement Matters, April 2024",B05,,
44002,https://worldbankgroup.sharepoint.com/sites/ppfonline/PPFDocuments/1a586273c48a4db7b978d7f69f55aad9.pdf,application/pdf,"Bank Procedure: Procurement in IPF and Other Operational Procurement Matters, March 2024",B05,,
44002,https://thedocs.worldbank.org/en/doc/306d5e3f952ffc4cefb5dcdcceb0bb31-0040012024/original/IDA-Financial-Statements-June-2024.pdf,application/pdf,International Development Association: Managementâ€™s Discussion &amp;amp; Analysis  and  Financial Statements. June 2024,B06,,
44002,http://ida.worldbank.org/,text/html,International Development Association web page,B16,,
44002,http://documents.worldbank.org/curated/en/163401481660770129/pdf/108727-REVISED-PUBLIC-Afghanistan-CPF-27-Oct-final-12082016.pdf,application/pdf,Afghanistan,B03,,
44002,http://documents.worldbank.org/curated/en/263461562292137905/pdf/Afghanistan-Performance-Learning-Review-of-the-Country-Partnership-Framework-for-the-Period-FY17-FY20.pdf,application/pdf,Afghanistan,B03,,
44002,https://documents1.worldbank.org/curated/en/099150002222322770/pdf/BOSIB086c3ab510fa0a5380a0666ba92b08.pdf,application/pdf,Albania,B03,,
44002,https://documents1.worldbank.org/curated/en/523501552357219076/pdf/armenia-cpf-fy19-fy23-february-27-final-update-3-4-19-03062019-636876792405788612.pdf,application/pdf,Armenia,B03,,
44002,https://documents1.worldbank.org/curated/en/521311653403992525/pdf/Armenia-Performance-and-Learning-Review-of-the-Country-Partnership-Framework-for-the-Period-FY19-FY23.pdf,application/pdf,Armenia,B03,,
44002,https://documents1.worldbank.org/curated/en/469841468204833634/pdf/762250CAS0Ango0800OUO0900Box379823B.pdf,application/pdf,Angola,B03,,
44002,https://documents1.worldbank.org/curated/en/331731524880895283/pdf/Angola-PLR-April-4-SECPO-rev-2018-04042018.pdf,application/pdf,Angola,B03,,
44002,https://documents1.worldbank.org/curated/en/579151556416868661/pdf/Argentina-Country-Partnership-Framework-for-the-Period-FY19-FY22.pdf,application/pdf,Argentina,B03,,
44002,https://documents1.worldbank.org/curated/en/332351654274337004/pdf/Argentina-Performance-and-Learning-Review-of-the-Country-Partnership-Framework-for-the-Period-FY19-FY22.pdf,application/pdf,Argentina,B03,,
44002,https://documents1.worldbank.org/curated/en/748271467998502035/pdf/95860-REVISED-Box385353B-OUO-9-R2015-0122-2.pdf,application/pdf,Azerbaijan,B03,,
44002,https://documents1.worldbank.org/curated/en/623881583719337529/pdf/Azerbaijan-Performance-and-Learning-Review-of-the-Country-Partnership-Framework-for-the-Period-FY16-FY20.pdf,application/pdf,Azerbaijan,B03,,
44002,https://documents1.worldbank.org/curated/en/469491658939414739/pdf/Bosnia-and-Herzegovina-Country-Partnership-Framework-for-the-Period-FY23-FY27.pdf,application/pdf,Bosnia and Herzegovina,B03,,
44002,https://documents1.worldbank.org/curated/en/099040523102036987/pdf/BOSIB037c73db00920ae960a4e78fa47587.pdf,application/pdf,Bangladesh,B03,,
44002,https://documents1.worldbank.org/curated/en/989871531020679064/pdf/BURKINA-FASO-CPF-06112018.pdf,application/pdf,Burkina Faso,B03,,
44002,https://documents1.worldbank.org/curated/en/099415008022233987/pdf/BOSIB0168f56b10b4088340e332c916e4f5.pdf,application/pdf,Burkina Faso,B03,,
44002,https://documents1.worldbank.org/curated/en/099082024095015062/pdf/BOSIB18efadcc50ff18689131c112f54196.pdf,application/pdf,Bulgaria,B03,,
44002,https://documents1.worldbank.org/curated/en/282471563156135424/pdf/Burundi-Country-Partnership-Framework-for-the-Period-FY19-FY23.pdf,application/pdf,Burundi,B03,,
44002,https://documents1.worldbank.org/curated/en/099050323115510904/pdf/BOSIB034ae90280e00b0f406a5b8319dfd2.pdf,application/pdf,Burundi,B03,,
44002,https://documents1.worldbank.org/curated/en/643931531020663012/pdf/BENIN-NEW-CPF-06112018.pdf,application/pdf,Benin,B03,,
44002,https://documents1.worldbank.org/curated/en/419911653594221073/pdf/Benin-Performance-and-Learning-Review-of-the-Country-Partnership-Framework-for-the-Period-FY19-FY23.pdf,application/pdf,Benin,B03,,
44002,https://documents1.worldbank.org/curated/en/099050323173010038/pdf/BOSIB0562931f10b70bc9302a5faf598afc.pdf,application/pdf,Bolivia (Plurinational State of),B03,,
44002,https://documents1.worldbank.org/curated/en/099031824151014222/pdf/BOSIB1a9c64a780861b8d01b824b30cdb50.pdf,application/pdf,Brazil,B03,,
44002,https://documents1.worldbank.org/curated/en/620541608337280651/pdf/Bhutan-Country-Partnership-Framework-for-the-Period-FY2021-24.pdf,application/pdf,Bhutan,B03,,
44002,https://documents.worldbank.org/en/publication/documents-reports/documentdetail/772221468196759090/botswana-country-partnership-framework,application/pdf,Botswana,B03,,
44002,https://documents1.worldbank.org/curated/en/309791553911293833/pdf/Botswana-Performance-and-Learning-Review-of-the-Country-Partnership-Framework-for-the-Period-of-FY16-FY20.pdf,application/pdf,Botswana,B03,,
44002,https://documents1.worldbank.org/curated/en/748191523557929050/pdf/CPF-FY2018-22-Feb-21-03122018.pdf,application/pdf,Belarus,B03,,
44002,https://thedocs.worldbank.org/en/doc/6831e2bfa59920396fd8b1cff7cb96ab-0370012017/original/Belize-Country-Partnership-Framework-FY18-22.pdf,application/pdf,Belize,B03,,
44002,https://documents1.worldbank.org/curated/en/099050423054072956/pdf/BOSIB052ea1ff4090087c50a3cf45b7d48d.pdf,application/pdf,Belize,B03,,
44002,https://documents1.worldbank.org/curated/en/214221646062568502/pdf/Congo-Democratic-Republic-of-Country-Partnership-Framework-for-the-Period-FY22-26.pdf,application/pdf,"Congo, Dem. Rep.",B03,,
44002,https://documents1.worldbank.org/curated/en/875161599271252523/pdf/Central-African-Republic-Country-Partnership-Framework-for-the-Period-FY21-FY25.pdf,application/pdf,Central African Republic,B03,,
44002,https://documents1.worldbank.org/curated/en/099050624093523991/pdf/BOSIB10fedc2ce0c219fad164ba09286684.pdf,application/pdf,Central African Republic,B03,,
44002,http://documents.worldbank.org/curated/en/763151576206076142/pdf/Congo-Republic-of-Country-Partnership-Framework-for-the-Period-FY20-FY24.pdf,application/pdf,"Congo, Rep.",B03,,
44002,https://documents1.worldbank.org/curated/en/183801707199364352/pdf/Congo-Republic-of-Performance-and-Learning-Review-of-the-Country-Partnership-Framework-for-Period-FY-20-FY24.pdf,application/pdf,"Congo, Rep.",B03,,
44002,https://documents1.worldbank.org/curated/en/099651011292216280/pdf/BOSIB0246e8a0a0e40a467045ef24dbe266.pdf,application/pdf,CÃ´te dâ€™Ivoire,B03,,
44002,https://documents1.worldbank.org/curated/en/099060523092533067/pdf/BOSIB08bf6ca1d02d0b4410610a16810e43.pdf,application/pdf,Chile,B03,,
44002,https://documents1.worldbank.org/curated/en/099062824115035044/pdf/BOSIB1684b3d6e07a1a243150e02b12bbdd.pdf,application/pdf,Cameroon,B03,,
44002,https://documents1.worldbank.org/curated/en/902781575573489712/pdf/China-Country-Partnership-Framework-for-the-Period-FY2020-2025.pdf,application/pdf,China,B03,,
44002,https://documents1.worldbank.org/curated/en/099020224140520812/pdf/BOSIB12dc675790751b288136b0bd72bf99.pdf,application/pdf,Colombia,B03,,
44002,https://documents1.worldbank.org/curated/en/099040824160538340/pdf/BOSIB18c053bf80921880f1e18c5a2a989c.pdf,application/pdf,Costa Rica,B03,,
44002,http://documents.worldbank.org/curated/en/711741572660051256/pdf/Cabo-Verde-Country-Partnership-Framework-for-the-Period-FY20-25.pdf,application/pdf,Cabo Verde,B03,,
44002,https://documents1.worldbank.org/curated/en/099022324135042687/pdf/BOSIB1fd00a1d70d21866c181770567bbe2.pdf,application/pdf,Cabo Verde,B03,,
44002,https://documents1.worldbank.org/curated/en/419571633105207198/pdf/Djibouti-Country-Partnership-Framework-for-the-Period-FY22-FY26.pdf,application/pdf,Djibouti,B03,,
44002,https://documents1.worldbank.org/curated/en/785291684874343180/pdf/Organization-of-Eastern-Caribbean-States-Regional-Partnership-Framework-for-the-Eastern-Caribbean-States-for-the-Period-FY22-FY25.pdf,application/pdf,Dominica,B03,,
44002,https://documents1.worldbank.org/curated/en/366231649085796162/pdf/Dominican-Republic-Country-Partnership-Framework-for-the-Period-FY-22-26.pdf,application/pdf,Dominican Republic (the),B03,,
44002,https://documents1.worldbank.org/curated/en/633491560564064529/pdf/Ecuador-Country-Partnership-Framework-for-the-Period-of-the-FY19-FY23.pdf,application/pdf,Ecuador,B03,,
44002,https://documents1.worldbank.org/curated/en/099050923191031668/pdf/BOSIB0591012650c309f8b022bec58d5afe.pdf,application/pdf,Ecuador,B03,,
44002,https://documents1.worldbank.org/curated/en/099213002272323100/pdf/BOSIB0b6dd924c02e0ac3808676e3c4cb10.pdf,application/pdf,Egypt,B03,,
44002,https://documents1.worldbank.org/curated/en/613041498788104835/pdf/Ethiopia-Country-Partnership-Framework-June-5-2017-FINAL-06052017.pdf,application/pdf,Ethiopia,B03,,
44002,https://pubdocs.worldbank.org/en/200821611265883268/World-Bank-Group-Fiji-CPF-WEB-Final.pdf,application/pdf,Fiji,B03,,
44002,https://documents1.worldbank.org/curated/en/099071224103023437/pdf/BOSIB1b97681f001519bf217aa6b637d315.pdf,application/pdf,Fiji,B03,,
44002,https://documents1.worldbank.org/curated/en/137341508303097110/pdf/120479-WP-P156647-PUBLIC-SydneyRPFFA.pdf,application/pdf,"Micronesia, Fed. Sts.",B03,,
44002,https://documents1.worldbank.org/curated/en/302731583719311381/pdf/Nine-Pacific-Island-Countries-PIC9-Kiribati-Nauru-Marshall-Islands-Federated-States-of-Micronesia-Palau-Samoa-Tonga-Tuvalu-and-Vanuatu-Performance-and-Learning-Review-for-the-Period-FY2017-2021.pdf,application/pdf,"Micronesia, Fed. Sts.",B03,,
44002,https://documents1.worldbank.org/curated/en/099250010182231338/pdf/BOSIB08344da550660892902b6debd0b5f1.pdf,application/pdf,Gabon,B03,,
44002,https://documents1.worldbank.org/curated/en/785291684874343180/pdf/Organization-of-Eastern-Caribbean-States-Regional-Partnership-Framework-for-the-Eastern-Caribbean-States-for-the-Period-FY22-FY25.pdf,application/pdf,Grenada,B03,,
44002,https://documents1.worldbank.org/curated/en/588751525364587100/pdf/WBG-Georgia-CPF-FINAL-4-25-04302018.pdf,application/pdf,Georgia,B03,,
44002,https://documents1.worldbank.org/curated/en/964541652556740638/pdf/Georgia-Performance-and-Learning-Review-of-the-Country-Partnership-Framework-for-the-Period-FY19-FY22.pdf,application/pdf,Georgia,B03,,
44002,https://documents1.worldbank.org/curated/en/823041645721495743/pdf/Ghana-Country-Partnership-Framework-for-the-Period-of-FY22-FY26.pdf,application/pdf,Ghana,B03,,
44002,https://documents1.worldbank.org/curated/en/450591652556583165/pdf/Gambia-Country-Partnership-Framework-for-the-Period-FY22-26.pdf,application/pdf,"Gambia, The",B03,,
44002,http://documents.worldbank.org/curated/en/346601528601433676/pdf/Guinea-CPF-Board-Version-Final-05152018.pdf,application/pdf,Guinea,B03,,
44002,https://documents1.worldbank.org/curated/en/855701627092041567/pdf/Guinea-Performance-and-Learning-Review-of-the-Country-Partnership-Framework-for-the-Period-of-FY18-FY23.pdf,application/pdf,Guinea,B03,,
44002,https://documents1.worldbank.org/curated/en/099050523121019313/pdf/BOSIB0af647f3b0320ac2205e50cbaf0673.pdf,application/pdf,Guatemala,B03,,
44002,http://documents.worldbank.org/curated/en/905591497578455518/pdf/Guinea-Bissau-CPF-Board-version-May-15-gt-ks-05192017.pdf,application/pdf,Guinea-Bissau,B03,,
44002,https://documents1.worldbank.org/curated/en/954011627351249878/pdf/Guinea-Bissau-Performance-and-Learning-Review-of-the-Country-Partnership-Framework-for-the-Period-FY18-FY21.pdf,application/pdf,Guinea-Bissau,B03,,
44002,https://documents1.worldbank.org/curated/en/099042423133024404/pdf/BOSIB06956cef807809aae0687fa5b9d08f.pdf,application/pdf,Guyana,B03,,
44002,https://documents1.worldbank.org/curated/en/099150301182319439/pdf/BOSIB0e1e1992b0270a3c4036175086d671.pdf,application/pdf,Honduras,B03,,
44002,https://documents1.worldbank.org/curated/en/501721557239562800/pdf/Croatia-Country-Partnership-Framework-for-the-Period-of-FY19-FY24.pdf,application/pdf,Croatia,B03,,
44002,https://documents1.worldbank.org/curated/en/099120003172340493/pdf/BOSIB0cc57ad420fe080870323d965270a6.pdf,application/pdf,Croatia,B03,,
44002,http://www-wds.worldbank.org/external/default/WDSContentServer/WDSP/IB/2015/09/08/090224b0830c6068/1_0/Rendered/PDF/Haiti000Countr0the0period0FY160FY19.pdf,application/pdf,Haiti,B03,,
44002,https://documents1.worldbank.org/curated/en/167021530329615895/pdf/Haiti-PLR-06062018.pdf,application/pdf,Haiti,B03,,
44002,https://documents1.worldbank.org/curated/en/306831620760881407/pdf/Indonesia-Country-Partnership-Framework-for-the-Period-FY21-FY25.pdf,application/pdf,Indonesia,B03,,
44002,https://documents1.worldbank.org/curated/en/099080624094034066/pdf/BOSIB1d6c4cf560b0196f51aff07d73e0fd.pdf,application/pdf,Indonesia,B03,,
44002,https://documents1.worldbank.org/curated/en/277621537673420666/pdf/126667-R2018-0190-REPLACEMENT-India-CPF-Final-post-Board-08242018.pdf,application/pdf,India,B03,,
44002,https://documents1.worldbank.org/curated/en/099103023172516447/pdf/BOSIB061e406ed0b70810906e1c24a73d1e.pdf,application/pdf,India,B03,,
44002,https://documents1.worldbank.org/curated/en/914101628604096499/pdf/Iraq-Country-Partnership-Framework-for-the-Period-FY2022-FY2026.pdf,application/pdf,Iraq,B03,,
44002,https://documents1.worldbank.org/curated/en/099041024090016266/pdf/BOSIB1ee9eb46c0e31b4e11e3957c2430a5.pdf,application/pdf,Jamaica,B03,,
44002,https://documents1.worldbank.org/curated/en/099030524153512269/pdf/BOSIB1c59bd695098183bb1a7e87019d033.pdf,application/pdf,Jordan,B03,,
44002,https://documents1.worldbank.org/curated/en/099205010262216711/pdf/BOSIB00be0e8020800a68b02235d729b923.pdf,application/pdf,Kenya,B03,,
44002,https://documents1.worldbank.org/curated/en/099100623084515034/pdf/BOSIB0324649020920af43027f65c61ff9d.pdf,application/pdf,Kyrgyzstan,B03,,
44002,https://documents1.worldbank.org/curated/en/099092024101528159/pdf/BOSIB16379b75001218eb816f493e7e0e7d.pdf,application/pdf,Cambodia,B03,,
44002,http://documents1.worldbank.org/curated/en/251931582053473376/pdf/East-Asia-and-Pacific-Regional-Partnership-Framework-for-the-period-of-FY17-FY21.pdf,application/pdf,Kiribati,B03,,
44002,http://documents1.worldbank.org/curated/en/302731583719311381/pdf/Nine-Pacific-Island-Countries-PIC9-Kiribati-Nauru-Marshall-Islands-Federated-States-of-Micronesia-Palau-Samoa-Tonga-Tuvalu-and-Vanuatu-Performance-and-Learning-Review-for-the-Period-FY2017-2021.pdf,application/pdf,Kiribati,B03,,
44002,https://documents1.worldbank.org/curated/en/350041595210477880/pdf/Comoros-Country-Partnership-Framework-for-the-Period-of-FY20-FY24.pdf,application/pdf,Comoros,B03,,
44002,https://documents1.worldbank.org/curated/en/099100223142525251/pdf/BOSIB0a84bfc970d20b7240b7baf17b77fd.pdf,application/pdf,Comoros,B03,,
44002,https://documents1.worldbank.org/curated/en/950671576378842710/pdf/Kazakhstan-Country-Partnership-Framework-for-the-Period-FY20-25.pdf,application/pdf,Kazakhstan,B03,,
44002,https://documents1.worldbank.org/curated/en/099071323155575409/pdf/BOSIB072bc56d50a9093980632d07d94d0f.pdf,application/pdf,Kazakhstan,B03,,
44002,https://documents1.worldbank.org/curated/en/099717312222228702/pdf/BOSIB0ba4460490c70b52a08b105fa5296a.pdf,application/pdf,Lao PDR,B03,,
44002,https://documents1.worldbank.org/curated/en/111451467996685776/pdf/94768-CAS-P151022-R2016-0126-OUO-9-Box396270B.pdf,application/pdf,Lebanon,B03,,
44002,https://documents1.worldbank.org/curated/en/699991653051822455/pdf/Lebanon-Performance-and-Learning-Review-of-the-Country-Partnership-Framework-for-the-Period-of-FY17-FY22.pdf,application/pdf,Lebanon,B03,,
44002,https://documents1.worldbank.org/curated/en/785291684874343180/pdf/Organization-of-Eastern-Caribbean-States-Regional-Partnership-Framework-for-the-Eastern-Caribbean-States-for-the-Period-FY22-FY25.pdf,application/pdf,St. Lucia,B03,,
44002,https://documents1.worldbank.org/curated/en/099060523101512718/pdf/BOSIB0abb778e20650b1540d16634cb4fb1.pdf,application/pdf,Sri Lanka,B03,,
44002,http://documents.worldbank.org/curated/en/374031541438293964/pdf/liberia-cpf-11012018-636768792698663889.pdf,application/pdf,Liberia,B03,,
44002,https://documents1.worldbank.org/curated/en/099410112222295543/pdf/BOSIB0a940421c03c0b19c069778182f9ed.pdf,application/pdf,Liberia,B03,,
44002,https://documents1.worldbank.org/curated/en/099747507062319429/pdf/IDU081164b210ea0304d290bf5c005200d8d6c93.pdf,application/pdf,Lesotho,B03,,
44002,https://documents1.worldbank.org/curated/en/099925001132337711/pdf/BOSIB043a55b640ad0a7080471ed8bf52a1.pdf,application/pdf,Libya,B03,,
44002,https://documents1.worldbank.org/curated/en/101781550869524206/pdf/Program-Document-Morocco-CPF-P166669-01252019-636865562861022997.pdf,application/pdf,Morocco,B03,,
44002,https://documents1.worldbank.org/curated/en/099080123110550516/pdf/BOSIB03ca8b4800140b6b2075eb9041b690.pdf,application/pdf,Morocco,B03,,
44002,https://documents1.worldbank.org/curated/en/099350101102317579/pdf/BOSIB0d902e69802c0ba0c04ec91579296a.pdf,application/pdf,Moldova (the Republic of),B03,,
44002,http://documents1.worldbank.org/curated/en/099082024155559792/pdf/BOSIB11ef4456f06d1be84124abeb6f1340.pdf,application/pdf,Montenegro,B03,,
44002,https://documents1.worldbank.org/curated/en/099040323142549791/pdf/BOSIB06727b8a603b0bbc50f9264b9412f9.pdf,application/pdf,Madagascar,B03,,
44002,http://documents1.worldbank.org/curated/en/251931582053473376/pdf/East-Asia-and-Pacific-Regional-Partnership-Framework-for-the-period-of-FY17-FY21.pdf,application/pdf,Marshall Islands,B03,,
44002,http://documents1.worldbank.org/curated/en/302731583719311381/pdf/Nine-Pacific-Island-Countries-PIC9-Kiribati-Nauru-Marshall-Islands-Federated-States-of-Micronesia-Palau-Samoa-Tonga-Tuvalu-and-Vanuatu-Performance-and-Learning-Review-for-the-Period-FY2017-2021.pdf,application/pdf,Marshall Islands,B03,,
44002,https://documents1.worldbank.org/curated/en/099121423113572638/pdf/BOSIB1c2adbafe00d190711a4cdd9895e70.pdf,application/pdf,North Macedonia,B03,,
44002,http://documents.worldbank.org/curated/en/839461468198005347/pdf/94005-CPF-P151414-IDA-R2015-0283-IFC-R2015-0309-MIGA-R2015-0089-Box393245B-OUO-9.pdf,application/pdf,Mali,B03,,
44002,https://documents1.worldbank.org/curated/en/400261569204060059/pdf/Mali-Performance-and-Learning-Review-of-the-Country-Partnership-Framework-for-the-Period-of-FY16-FY19.pdf,application/pdf,Mali,B03,,
44002,https://documents1.worldbank.org/curated/en/110961589818564510/pdf/Myanmar-Country-Partnership-Framework-for-the-Period-of-FY20-FY23.pdf,application/pdf,Myanmar,B03,,
44002,https://documents1.worldbank.org/curated/en/258001646660089008/pdf/Mongolia-Country-Partnership-Framework-for-the-Period-FY21-FY25.pdf,application/pdf,Mongolia,B03,,
44002,https://documents1.worldbank.org/curated/en/288231531625439579/pdf/MAURITANIA-CPF-NEW-06192018.pdf,application/pdf,Mauritania,B03,,
44002,https://documents1.worldbank.org/curated/en/384791653399677569/pdf/Mauritania-Performance-and-Learning-Review-of-the-Country-Partnership-Framework-for-the-Period-FY18-FY23.pdf,application/pdf,Mauritania,B03,,
44002,https://documents1.worldbank.org/curated/en/099100623135017078/pdf/BOSIB0d9d83a4b05e0b537046b69846620c.pdf,application/pdf,Mauritius,B03,,
44002,https://documents1.worldbank.org/curated/en/099605012132232998/pdf/BOSIB08334cee80f8081cf0c7ecd21e27dd.pdf,application/pdf,Maldives,B03,,
44002,https://documents1.worldbank.org/curated/en/573101618580009934/pdf/Malawi-Country-Partnership-Framework-for-the-Period-FY21-FY25.pdf,application/pdf,Malawi,B03,,
44002,https://documents1.worldbank.org/curated/en/927991583031630169/pdf/Mexico-Country-Partnership-Framework.pdf,application/pdf,Mexico,B03,,
44002,https://documents1.worldbank.org/curated/en/099032124080524844/pdf/BOSIB15b3ebe810f518e201c5cfce8f25cd.pdf,application/pdf,Mexico,B03,,
44002,https://documents1.worldbank.org/curated/en/099150001312319050/pdf/BOSIB0cb0e37ea0330971102ee9e9409a5d.pdf,application/pdf,Mozambique,B03,,
44002,https://documents1.worldbank.org/curated/en/247341468323960034/pdf/777480CAS0NA0R00Box0377356B00OUO090.pdf,application/pdf,Namibia,B03,,
44002,https://documents1.worldbank.org/curated/en/545431523066442899/pdf/Namibia-PLR-Post-ROC-AFRDE-030718-03142018.pdf,application/pdf,Namibia,B03,,
44002,https://documents1.worldbank.org/curated/en/466811523970978067/pdf/123736-CORRIGENDUM-PUBLIC-NIGER-CPF-04112018.pdf,application/pdf,Niger,B03,,
44002,https://documents1.worldbank.org/curated/en/758721653399774255/pdf/Niger-Performance-and-Learning-Review-of-the-Country-Partnership-Framework-for-the-Period-FY18-FY22.pdf,application/pdf,Niger,B03,,
44002,https://documents1.worldbank.org/curated/en/526171611619063445/pdf/Nigeria-Country-Partnership-Framework-for-the-Period-FY21-FY25.pdf,application/pdf,Nigeria,B03,,
44002,https://documents1.worldbank.org/curated/en/099052224145592693/pdf/BOSIB113f7ccff0ee1a1b91d44ad6133c96.pdf,application/pdf,Nigeria,B03,,
44002,https://documents1.worldbank.org/curated/en/419731521338434751/pdf/NI-CPF-final-February-14-2018-02212018.pdf,application/pdf,Nicaragua,B03,,
44002,https://documents1.worldbank.org/curated/en/604631650378197877/pdf/Nicaragua-Performance-and-Learning-Review-for-the-Country-Partnership-Framework-for-the-Period-FY18-FY22.pdf,application/pdf,Nicaragua,B03,,
44002,https://documents1.worldbank.org/curated/en/998361534181363354/pdf/Nepal-CPF-v08-07-18-Master-Copy-08092018.pdf,application/pdf,Nepal,B03,,
44002,https://documents1.worldbank.org/curated/en/254801646062753584/pdf/Nepal-Performance-and-Learning-Review-of-the-Country-Partnership-Framework-for-the-Period-FY19-FY24.pdf,application/pdf,Nepal,B03,,
44002,https://documents1.worldbank.org/curated/en/099030124102536711/pdf/BOSIB107c0b7240241b2a01f9025573e0c9.pdf,application/pdf,Panama,B03,,
44002,https://documents1.worldbank.org/curated/en/099150001232325672/pdf/BOSIB0f4cc4c400e30b762022261092365f.pdf,application/pdf,Peru,B03,,
44002,https://documents1.worldbank.org/curated/en/986831558749746464/pdf/Papua-New-Guinea-Country-Partnership-Framework-for-the-Period-FY19-FY23.pdf,application/pdf,Papua New Guinea,B03,,
44002,https://documents1.worldbank.org/curated/en/099061323084026787/pdf/BOSIB01d4593500870ae68038f3e069a01a.pdf,application/pdf,Papua New Guinea,B03,,
44002,https://documents1.worldbank.org/curated/en/099100010042266404/pdf/P1714660f9b4fb0450bf940e901bada1228.pdf,application/pdf,Philippines (the),B03,,
44002,https://documents1.worldbank.org/curated/en/099153003162328685/pdf/BOSIB0859d4b0b01a0a7bb00708226e6123.pdf,application/pdf,Philippines (the),B03,,
44002,https://documents1.worldbank.org/curated/en/886791468083329310/pdf/846450CAS0P146090Box385177B00OUO090.pdf,application/pdf,Pakistan,B03,,
44002,https://documents1.worldbank.org/curated/en/265831497751223503/pdf/PAKISTAN-PLRNEW-05242017.pdf,application/pdf,Pakistan,B03,,
44002,https://documents1.worldbank.org/curated/en/209111528428654498/pdf/125670-REVISED-CPFPLweb.pdf,application/pdf,Poland,B03,,
44002,https://documents1.worldbank.org/curated/en/099840009082218604/pdf/BOSIB012f36ce00290851b0e06109400d1e.pdf,application/pdf,Poland,B03,,
44002,https://documents1.worldbank.org/curated/en/627701619710823261/pdf/West-Bank-and-Gaza-Country-Assistance-Strategy-for-the-Period-FY22-25.pdf,application/pdf,"Palestine, State of",B03,,
44002,https://documents1.worldbank.org/curated/en/891841547849263157/pdf/131046-Corrigendum-PUBLIC-after-1-22-Final-R2018-0269-1.pdf,application/pdf,Paraguay,B03,,
44002,https://documents1.worldbank.org/curated/en/602401656371569046/pdf/Paraguay-Performance-and-Learning-Review-of-the-Country-Partnership-Framework-for-the-Period-FY19-FY23.pdf,application/pdf,Paraguay,B03,,
44002,https://documents.worldbank.org/en/publication/documents-reports/documentdetail/099082724123030830/bosib1fb558a810a21806814b2b1e706b8c,application/pdf,Romania,B03,,
44002,https://documents1.worldbank.org/curated/en/654401653594256925/pdf/Serbia-Country-Partnership-Framework-for-the-Period-FY22-FY26.pdf,application/pdf,Serbia,B03,,
44002,https://documents1.worldbank.org/curated/en/519081468307477360/pdf/651150CAS0P12300disclosed0110280110.pdf,application/pdf,Russian Federation (the),B03,,
44002,https://documents1.worldbank.org/curated/en/645111594605654868/pdf/Rwanda-Country-Partnership-Framework-for-the-Period-of-FY21-FY26.pdf,application/pdf,Rwanda,B03,,
44002,https://documents1.worldbank.org/curated/en/099110723082537268/pdf/BOSIB0bfd8d90e0a081830b5d7972e43c2.pdf,application/pdf,Rwanda,B03,,
44002,https://documents1.worldbank.org/curated/en/187191533591240759/pdf/122600-CORR-PUBLIC-IDA-R2018-0249-2.pdf,application/pdf,Solomon Islands,B03,,
44002,https://documents1.worldbank.org/curated/en/099528309212238948/pdf/IDU0ad4619e9007c204f270a3020cbdb2bff53cf.pdf,application/pdf,Solomon Islands,B03,,
44002,https://documents1.worldbank.org/curated/en/099062824140525944/pdf/BOSIB1ef7c0d1f09e1b8e51ad7b97ff288d.pdf,application/pdf,Seychelles,B03,,
44002,https://documents1.worldbank.org/curated/en/879871602253859419/pdf/Sudan-Country-Engagement-Note-for-the-Period-FY21-FY22.pdf,application/pdf,Sudan,B03,,
44002,https://documents1.worldbank.org/curated/en/851731590804122431/pdf/Sierra-Leone-Country-Partnership-Framework-for-the-Period-FY21-FY26.pdf,application/pdf,Sierra Leone,B03,,
44002,https://documents1.worldbank.org/curated/en/099060724085542544/pdf/BOSIB135ae5a3b0a819e1a13ebf0d11fb5c.pdf,application/pdf,Sierra Leone,B03,,
44002,https://documents1.worldbank.org/curated/en/608781583719225540/pdf/Senegal-Country-Partnership-Framework-for-the-Period-FY20-FY24.pdf,application/pdf,Senegal,B03,,
44002,https://documents1.worldbank.org/curated/en/099030424164515436/pdf/BOSIB19a756a630ae1950b19bb8a3b38c87.pdf,application/pdf,Senegal,B03,,
44002,https://documents1.worldbank.org/curated/en/099020624155537269/pdf/BOSIB184df30530a9197dd1c1bfb8128d3f.pdf,application/pdf,Somalia,B03,,
44002,https://documents1.worldbank.org/curated/en/099090924182013594/pdf/BOSIB17fb0b98d0eb1a5da1d723b744f554.pdf,application/pdf,Suriname,B03,,
44002,https://documents1.worldbank.org/curated/en/154641621908323341/pdf/South-Sudan-Country-Engagement-Note-for-the-Period-FY21-FY23.pdf,application/pdf,South Sudan,B03,,
44002,https://documents1.worldbank.org/curated/en/099121423162031487/pdf/BOSIB1002ab3430741837215ce3493252ba.pdf,application/pdf,SÃ£o TomÃ© and PrÃ­ncipe,B03,,
44002,https://documents1.worldbank.org/curated/en/099040523105528085/pdf/BOSIB1dd8f1fa70d4192e917f7fb0f28753.pdf,application/pdf,El Salvador,B03,,
44002,https://documents1.worldbank.org/curated/en/099042723094536162/pdf/BOSIB0d60aef2907709f760cc6d21fbe12f.pdf,application/pdf,Eswatini,B03,,
44002,https://documents1.worldbank.org/curated/en/099045011032228370/pdf/BOSIB0e049600f0990811102aaa8c12a776.pdf,application/pdf,Chad,B03,,
44002,http://documents1.worldbank.org/curated/en/099050124142020564/pdf/BOSIB127a2798f05a1bed517ec5114a63b3.pdf,application/pdf,Togo,B03,,
44002,https://documents1.worldbank.org/curated/en/770551542942024490/pdf/125234-REPLACEMENT-PUBLIC-TH-WBG-Framework-ENG-FINAL-Mar-11.pdf,application/pdf,Thailand,B03,,
44002,https://documents1.worldbank.org/curated/en/099720012122213623/pdf/BOSIB0c033507e0b309cf80eef990b50f9e.pdf,application/pdf,Thailand,B03,,
44002,https://documents1.worldbank.org/curated/en/962981557781100857/pdf/Tajikistan-Country-Partnership-Framework-for-the-Period-of-FY19-FY23.pdf,application/pdf,Tajikistan,B03,,
44002,https://documents1.worldbank.org/curated/en/099011024131042366/pdf/BOSIB16e0f1e460721a7621e9f5998bdc8b.pdf,application/pdf,Tajikistan,B03,,
44002,https://documents1.worldbank.org/curated/en/353111574777310081/pdf/Timor-Leste-Country-Partnership-Framework-for-the-Period-FY2020-FY2024.pdf,application/pdf,Timor-Leste,B03,,
44002,https://documents1.worldbank.org/curated/en/099154502272311325/pdf/BOSIB00745f4ce0590b9b10ac0667d626a7.pdf,application/pdf,Tunisia,B03,,
44002,https://documents1.worldbank.org/curated/en/137341508303097110/pdf/120479-WP-P156647-PUBLIC-SydneyRPFFA.pdf,application/pdf,Tonga,B03,,
44002,https://documents1.worldbank.org/curated/en/302731583719311381/pdf/Nine-Pacific-Island-Countries-PIC9-Kiribati-Nauru-Marshall-Islands-Federated-States-of-Micronesia-Palau-Samoa-Tonga-Tuvalu-and-Vanuatu-Performance-and-Learning-Review-for-the-Period-FY2017-2021.pdf,application/pdf,Tonga,B03,,
44002,https://documents1.worldbank.org/curated/en/099031824111097800/pdf/BOSIB1c51810200bb1b42411382658e7899.pdf,application/pdf,Turkiye,B03,,
44002,https://documents1.worldbank.org/curated/en/137341508303097110/pdf/120479-WP-P156647-PUBLIC-SydneyRPFFA.pdf,application/pdf,Tuvalu,B03,,
44002,https://documents1.worldbank.org/curated/en/302731583719311381/pdf/Nine-Pacific-Island-Countries-PIC9-Kiribati-Nauru-Marshall-Islands-Federated-States-of-Micronesia-Palau-Samoa-Tonga-Tuvalu-and-Vanuatu-Performance-and-Learning-Review-for-the-Period-FY2017-2021.pdf,application/pdf,Tuvalu,B03,,
44002,https://documents1.worldbank.org/curated/en/099061724153527007/pdf/BOSIB193d9b4f005a1a0c01407ba1414034.pdf,application/pdf,"Tanzania, United Republic of",B03,,
44002,https://documents1.worldbank.org/curated/en/847421498183265026/pdf/Ukraine-Country-Partnership-Framework-FY2017-21-05262017.pdf,application/pdf,Ukraine,B03,,
44002,https://documents1.worldbank.org/curated/en/170721468179663842/pdf/101173-CAS-P155948-OUO-9-IDA-R2016-0049-2-Box394874B.pdf,application/pdf,Uganda,B03,,
44002,https://documents1.worldbank.org/curated/en/762631622944862388/pdf/Uganda-Performance-and-Learning-Review-of-the-FY16-FY21-Country-Partnership-Framework.pdf,application/pdf,Uganda,B03,,
44002,https://documents1.worldbank.org/curated/en/099525011112230801/pdf/BOSIB0f20149f30f10959805255d4935301.pdf,application/pdf,Uruguay,B03,,
44002,https://documents1.worldbank.org/curated/en/558271653576525839/pdf/Uzbekistan-Country-Partnership-Framework-for-the-Period-FY2022-FY2026.pdf,application/pdf,Uzbekistan,B03,,
44002,https://documents1.worldbank.org/curated/en/785291684874343180/pdf/Organization-of-Eastern-Caribbean-States-Regional-Partnership-Framework-for-the-Eastern-Caribbean-States-for-the-Period-FY22-FY25.pdf,application/pdf,St. Vincent and the Grenadines,B03,,
44002,https://documents1.worldbank.org/curated/en/173771496368868576/pdf/111771-PUBLIC-Vietnam-FY18-22-CPF-FINAL.pdf,application/pdf,Viet Nam,B03,,
44002,https://documents1.worldbank.org/curated/en/395041558317667311/pdf/Vietnam-Performance-and-Learning-Review-of-the-Country-Partnership-Framework-for-the-Period-FY19-FY22.pdf,application/pdf,Viet Nam,B03,,
44002,https://documents1.worldbank.org/curated/en/137341508303097110/pdf/120479-WP-P156647-PUBLIC-SydneyRPFFA.pdf,application/pdf,Vanuatu,B03,,
44002,https://documents1.worldbank.org/curated/en/302731583719311381/pdf/Nine-Pacific-Island-Countries-PIC9-Kiribati-Nauru-Marshall-Islands-Federated-States-of-Micronesia-Palau-Samoa-Tonga-Tuvalu-and-Vanuatu-Performance-and-Learning-Review-for-the-Period-FY2017-2021.pdf,application/pdf,Vanuatu,B03,,
44002,https://documents1.worldbank.org/curated/en/137341508303097110/pdf/120479-WP-P156647-PUBLIC-SydneyRPFFA.pdf,application/pdf,Samoa,B03,,
44002,https://documents1.worldbank.org/curated/en/302731583719311381/pdf/Nine-Pacific-Island-Countries-PIC9-Kiribati-Nauru-Marshall-Islands-Federated-States-of-Micronesia-Palau-Samoa-Tonga-Tuvalu-and-Vanuatu-Performance-and-Learning-Review-for-the-Period-FY2017-2021.pdf,application/pdf,Samoa,B03,,
44002,https://documents1.worldbank.org/curated/en/099041723104545397/pdf/BOSIB0a3dc36ae0c40be3c058429f10a40d.pdf,application/pdf,Kosovo,B03,,
44002,https://documents1.worldbank.org/curated/en/351911650316441159/pdf/Yemen-Country-Engagement-Note-for-the-Period-FY22-FY23.pdf,application/pdf,"Yemen, Rep.",B03,,
44002,https://documents1.worldbank.org/curated/en/139701627178427304/pdf/South-Africa-Country-Partnership-Framework-for-the-Period-FY22-FY26.pdf,application/pdf,South Africa,B03,,
44002,https://documents1.worldbank.org/curated/en/099091624151519669/pdf/BOSIB1d4ac5c7f00918f9217eab1347c249.pdf,application/pdf,Zambia,B03,,
