activity_identifier,contact_type,organisation,department,person_name,job_title,telephone,email,website,mailing_address
XM-DAC-46008-cfa012402,1,CAF Development bank of Latin America and the Caribbean,,,,,transparencia@caf.com,https://www.caf.com,"Torre CAF, Av Luis Roche Altamira, Caracas"
XM-DAC-46008-cfa012672,1,CAF Development bank of Latin America and the Caribbean,,,,,transparencia@caf.com,https://www.caf.com,"Torre CAF, Av Luis Roche Altamira, Caracas"
XM-DAC-46008-cfa008422,1,CAF Development bank of Latin America and the Caribbean,,,,,transparencia@caf.com,https://www.caf.com,"Torre CAF, Av Luis Roche Altamira, Caracas"
XM-DAC-46008-cfa007671,1,CAF Development bank of Latin America and the Caribbean,,,,,transparencia@caf.com,https://www.caf.com,"Torre CAF, Av Luis Roche Altamira, Caracas"
XM-DAC-46008-cfa010505,1,CAF Development bank of Latin America and the Caribbean,,,,,transparencia@caf.com,https://www.caf.com,"Torre CAF, Av Luis Roche Altamira, Caracas"
XM-DAC-46008-cfa012670,1,CAF Development bank of Latin America and the Caribbean,,,,,transparencia@caf.com,https://www.caf.com,"Torre CAF, Av Luis Roche Altamira, Caracas"
XM-DAC-46008-cfa011196,1,CAF Development bank of Latin America and the Caribbean,,,,,transparencia@caf.com,https://www.caf.com,"Torre CAF, Av Luis Roche Altamira, Caracas"
XM-DAC-46008-cfa012714,1,CAF Development bank of Latin America and the Caribbean,,,,,transparencia@caf.com,https://www.caf.com,"Torre CAF, Av Luis Roche Altamira, Caracas"
XM-DAC-46008-cfa012067,1,CAF Development bank of Latin America and the Caribbean,,,,,transparencia@caf.com,https://www.caf.com,"Torre CAF, Av Luis Roche Altamira, Caracas"
XM-DAC-46008-cfa012418,1,CAF Development bank of Latin America and the Caribbean,,,,,transparencia@caf.com,https://www.caf.com,"Torre CAF, Av Luis Roche Altamira, Caracas"
XM-DAC-46008-cfa011999,1,CAF Development bank of Latin America and the Caribbean,,,,,transparencia@caf.com,https://www.caf.com,"Torre CAF, Av Luis Roche Altamira, Caracas"
XM-DAC-46008-cfa011694,1,CAF Development bank of Latin America and the Caribbean,,,,,transparencia@caf.com,https://www.caf.com,"Torre CAF, Av Luis Roche Altamira, Caracas"
XM-DAC-46008-cfa008548,1,CAF Development bank of Latin America and the Caribbean,,,,,transparencia@caf.com,https://www.caf.com,"Torre CAF, Av Luis Roche Altamira, Caracas"
XM-DAC-46008-cfa010973,1,CAF Development bank of Latin America and the Caribbean,,,,,transparencia@caf.com,https://www.caf.com,"Torre CAF, Av Luis Roche Altamira, Caracas"
XM-DAC-46008-cfa009545,1,CAF Development bank of Latin America and the Caribbean,,,,,transparencia@caf.com,https://www.caf.com,"Torre CAF, Av Luis Roche Altamira, Caracas"
XM-DAC-46008-cfa011872,1,CAF Development bank of Latin America and the Caribbean,,,,,transparencia@caf.com,https://www.caf.com,"Torre CAF, Av Luis Roche Altamira, Caracas"
XM-DAC-46008-cfl0000003441,1,CAF Development bank of Latin America and the Caribbean,,,,,transparencia@caf.com,https://www.caf.com,"Torre CAF, Av Luis Roche Altamira, Caracas"
XM-DAC-46008-cfa008729,1,CAF Development bank of Latin America and the Caribbean,,,,,transparencia@caf.com,https://www.caf.com,"Torre CAF, Av Luis Roche Altamira, Caracas"
XM-DAC-46008-cfa012503,1,CAF Development bank of Latin America and the Caribbean,,,,,transparencia@caf.com,https://www.caf.com,"Torre CAF, Av Luis Roche Altamira, Caracas"
XM-DAC-46008-cfa012641,1,CAF Development bank of Latin America and the Caribbean,,,,,transparencia@caf.com,https://www.caf.com,"Torre CAF, Av Luis Roche Altamira, Caracas"
XM-DAC-46008-cfl0000003624,1,CAF Development bank of Latin America and the Caribbean,,,,,transparencia@caf.com,https://www.caf.com,"Torre CAF, Av Luis Roche Altamira, Caracas"
XM-DAC-46008-cfa007902,1,CAF Development bank of Latin America and the Caribbean,,,,,transparencia@caf.com,https://www.caf.com,"Torre CAF, Av Luis Roche Altamira, Caracas"
XM-DAC-46008-cfa010613,1,CAF Development bank of Latin America and the Caribbean,,,,,transparencia@caf.com,https://www.caf.com,"Torre CAF, Av Luis Roche Altamira, Caracas"
XM-DAC-46008-cfa012422,1,CAF Development bank of Latin America and the Caribbean,,,,,transparencia@caf.com,https://www.caf.com,"Torre CAF, Av Luis Roche Altamira, Caracas"
XM-DAC-46008-cfa011318,1,CAF Development bank of Latin America and the Caribbean,,,,,transparencia@caf.com,https://www.caf.com,"Torre CAF, Av Luis Roche Altamira, Caracas"
XM-DAC-46008-cfa012320,1,CAF Development bank of Latin America and the Caribbean,,,,,transparencia@caf.com,https://www.caf.com,"Torre CAF, Av Luis Roche Altamira, Caracas"
XM-DAC-46008-cfl0000003735,1,CAF Development bank of Latin America and the Caribbean,,,,,transparencia@caf.com,https://www.caf.com,"Torre CAF, Av Luis Roche Altamira, Caracas"
XM-DAC-46008-cfa012119,1,CAF Development bank of Latin America and the Caribbean,,,,,transparencia@caf.com,https://www.caf.com,"Torre CAF, Av Luis Roche Altamira, Caracas"
XM-DAC-46008-cfa012677,1,CAF Development bank of Latin America and the Caribbean,,,,,transparencia@caf.com,https://www.caf.com,"Torre CAF, Av Luis Roche Altamira, Caracas"
XM-DAC-46008-cfa010852,1,CAF Development bank of Latin America and the Caribbean,,,,,transparencia@caf.com,https://www.caf.com,"Torre CAF, Av Luis Roche Altamira, Caracas"
XM-DAC-46008-cfa012400,1,CAF Development bank of Latin America and the Caribbean,,,,,transparencia@caf.com,https://www.caf.com,"Torre CAF, Av Luis Roche Altamira, Caracas"
XM-DAC-46008-cfl0000003619,1,CAF Development bank of Latin America and the Caribbean,,,,,transparencia@caf.com,https://www.caf.com,"Torre CAF, Av Luis Roche Altamira, Caracas"
XM-DAC-46008-cfa010824,1,CAF Development bank of Latin America and the Caribbean,,,,,transparencia@caf.com,https://www.caf.com,"Torre CAF, Av Luis Roche Altamira, Caracas"
XM-DAC-46008-cfa011807,1,CAF Development bank of Latin America and the Caribbean,,,,,transparencia@caf.com,https://www.caf.com,"Torre CAF, Av Luis Roche Altamira, Caracas"
XM-DAC-46008-cfa011177,1,CAF Development bank of Latin America and the Caribbean,,,,,transparencia@caf.com,https://www.caf.com,"Torre CAF, Av Luis Roche Altamira, Caracas"
XM-DAC-46008-cfa012116,1,CAF Development bank of Latin America and the Caribbean,,,,,transparencia@caf.com,https://www.caf.com,"Torre CAF, Av Luis Roche Altamira, Caracas"
XM-DAC-46008-cfl0000003792,1,CAF Development bank of Latin America and the Caribbean,,,,,transparencia@caf.com,https://www.caf.com,"Torre CAF, Av Luis Roche Altamira, Caracas"
XM-DAC-46008-cfa010180,1,CAF Development bank of Latin America and the Caribbean,,,,,transparencia@caf.com,https://www.caf.com,"Torre CAF, Av Luis Roche Altamira, Caracas"
XM-DAC-46008-cfa010689,1,CAF Development bank of Latin America and the Caribbean,,,,,transparencia@caf.com,https://www.caf.com,"Torre CAF, Av Luis Roche Altamira, Caracas"
XM-DAC-46008-cfa008680,1,CAF Development bank of Latin America and the Caribbean,,,,,transparencia@caf.com,https://www.caf.com,"Torre CAF, Av Luis Roche Altamira, Caracas"
XM-DAC-46008-cfa011744,1,CAF Development bank of Latin America and the Caribbean,,,,,transparencia@caf.com,https://www.caf.com,"Torre CAF, Av Luis Roche Altamira, Caracas"
XM-DAC-46008-cfa010784,1,CAF Development bank of Latin America and the Caribbean,,,,,transparencia@caf.com,https://www.caf.com,"Torre CAF, Av Luis Roche Altamira, Caracas"
XM-DAC-46008-cfa011411,1,CAF Development bank of Latin America and the Caribbean,,,,,transparencia@caf.com,https://www.caf.com,"Torre CAF, Av Luis Roche Altamira, Caracas"
XM-DAC-46008-cfa010938,1,CAF Development bank of Latin America and the Caribbean,,,,,transparencia@caf.com,https://www.caf.com,"Torre CAF, Av Luis Roche Altamira, Caracas"
XM-DAC-46008-cfa008550,1,CAF Development bank of Latin America and the Caribbean,,,,,transparencia@caf.com,https://www.caf.com,"Torre CAF, Av Luis Roche Altamira, Caracas"
XM-DAC-46008-cfa008700,1,CAF Development bank of Latin America and the Caribbean,,,,,transparencia@caf.com,https://www.caf.com,"Torre CAF, Av Luis Roche Altamira, Caracas"
XM-DAC-46008-cfa012279,1,CAF Development bank of Latin America and the Caribbean,,,,,transparencia@caf.com,https://www.caf.com,"Torre CAF, Av Luis Roche Altamira, Caracas"
XM-DAC-46008-cfa008313,1,CAF Development bank of Latin America and the Caribbean,,,,,transparencia@caf.com,https://www.caf.com,"Torre CAF, Av Luis Roche Altamira, Caracas"
XM-DAC-46008-cfl0000003476,1,CAF Development bank of Latin America and the Caribbean,,,,,transparencia@caf.com,https://www.caf.com,"Torre CAF, Av Luis Roche Altamira, Caracas"
XM-DAC-46008-cfa012339,1,CAF Development bank of Latin America and the Caribbean,,,,,transparencia@caf.com,https://www.caf.com,"Torre CAF, Av Luis Roche Altamira, Caracas"
XM-DAC-46008-cfa012700,1,CAF Development bank of Latin America and the Caribbean,,,,,transparencia@caf.com,https://www.caf.com,"Torre CAF, Av Luis Roche Altamira, Caracas"
XM-DAC-46008-cfa012373,1,CAF Development bank of Latin America and the Caribbean,,,,,transparencia@caf.com,https://www.caf.com,"Torre CAF, Av Luis Roche Altamira, Caracas"
XM-DAC-46008-cfa011501,1,CAF Development bank of Latin America and the Caribbean,,,,,transparencia@caf.com,https://www.caf.com,"Torre CAF, Av Luis Roche Altamira, Caracas"
XM-DAC-46008-cfa008390,1,CAF Development bank of Latin America and the Caribbean,,,,,transparencia@caf.com,https://www.caf.com,"Torre CAF, Av Luis Roche Altamira, Caracas"
XM-DAC-46008-cfa012016,1,CAF Development bank of Latin America and the Caribbean,,,,,transparencia@caf.com,https://www.caf.com,"Torre CAF, Av Luis Roche Altamira, Caracas"
XM-DAC-46008-cfa010059,1,CAF Development bank of Latin America and the Caribbean,,,,,transparencia@caf.com,https://www.caf.com,"Torre CAF, Av Luis Roche Altamira, Caracas"
XM-DAC-46008-cfa011342,1,CAF Development bank of Latin America and the Caribbean,,,,,transparencia@caf.com,https://www.caf.com,"Torre CAF, Av Luis Roche Altamira, Caracas"
XM-DAC-46008-cfa012391,1,CAF Development bank of Latin America and the Caribbean,,,,,transparencia@caf.com,https://www.caf.com,"Torre CAF, Av Luis Roche Altamira, Caracas"
XM-DAC-46008-cfa011022,1,CAF Development bank of Latin America and the Caribbean,,,,,transparencia@caf.com,https://www.caf.com,"Torre CAF, Av Luis Roche Altamira, Caracas"
XM-DAC-46008-cfa011408,1,CAF Development bank of Latin America and the Caribbean,,,,,transparencia@caf.com,https://www.caf.com,"Torre CAF, Av Luis Roche Altamira, Caracas"
XM-DAC-46008-cfa010099,1,CAF Development bank of Latin America and the Caribbean,,,,,transparencia@caf.com,https://www.caf.com,"Torre CAF, Av Luis Roche Altamira, Caracas"
XM-DAC-46008-cfl0000003069,1,CAF Development bank of Latin America and the Caribbean,,,,,transparencia@caf.com,https://www.caf.com,"Torre CAF, Av Luis Roche Altamira, Caracas"
XM-DAC-46008-cfa010199,1,CAF Development bank of Latin America and the Caribbean,,,,,transparencia@caf.com,https://www.caf.com,"Torre CAF, Av Luis Roche Altamira, Caracas"
XM-DAC-46008-cfa011307,1,CAF Development bank of Latin America and the Caribbean,,,,,transparencia@caf.com,https://www.caf.com,"Torre CAF, Av Luis Roche Altamira, Caracas"
XM-DAC-46008-cfa011752,1,CAF Development bank of Latin America and the Caribbean,,,,,transparencia@caf.com,https://www.caf.com,"Torre CAF, Av Luis Roche Altamira, Caracas"
XM-DAC-46008-cfa012460,1,CAF Development bank of Latin America and the Caribbean,,,,,transparencia@caf.com,https://www.caf.com,"Torre CAF, Av Luis Roche Altamira, Caracas"
XM-DAC-46008-cfa007946,1,CAF Development bank of Latin America and the Caribbean,,,,,transparencia@caf.com,https://www.caf.com,"Torre CAF, Av Luis Roche Altamira, Caracas"
XM-DAC-46008-cfa008945,1,CAF Development bank of Latin America and the Caribbean,,,,,transparencia@caf.com,https://www.caf.com,"Torre CAF, Av Luis Roche Altamira, Caracas"
XM-DAC-46008-cfa012160,1,CAF Development bank of Latin America and the Caribbean,,,,,transparencia@caf.com,https://www.caf.com,"Torre CAF, Av Luis Roche Altamira, Caracas"
XM-DAC-46008-cfa012564,1,CAF Development bank of Latin America and the Caribbean,,,,,transparencia@caf.com,https://www.caf.com,"Torre CAF, Av Luis Roche Altamira, Caracas"
XM-DAC-46008-cfl0000003442,1,CAF Development bank of Latin America and the Caribbean,,,,,transparencia@caf.com,https://www.caf.com,"Torre CAF, Av Luis Roche Altamira, Caracas"
XM-DAC-46008-cfa011677,1,CAF Development bank of Latin America and the Caribbean,,,,,transparencia@caf.com,https://www.caf.com,"Torre CAF, Av Luis Roche Altamira, Caracas"
XM-DAC-46008-cfa012704,1,CAF Development bank of Latin America and the Caribbean,,,,,transparencia@caf.com,https://www.caf.com,"Torre CAF, Av Luis Roche Altamira, Caracas"
XM-DAC-46008-cfa012206,1,CAF Development bank of Latin America and the Caribbean,,,,,transparencia@caf.com,https://www.caf.com,"Torre CAF, Av Luis Roche Altamira, Caracas"
XM-DAC-46008-cfa009731,1,CAF Development bank of Latin America and the Caribbean,,,,,transparencia@caf.com,https://www.caf.com,"Torre CAF, Av Luis Roche Altamira, Caracas"
XM-DAC-46008-cfa011994,1,CAF Development bank of Latin America and the Caribbean,,,,,transparencia@caf.com,https://www.caf.com,"Torre CAF, Av Luis Roche Altamira, Caracas"
XM-DAC-46008-cfa012050,1,CAF Development bank of Latin America and the Caribbean,,,,,transparencia@caf.com,https://www.caf.com,"Torre CAF, Av Luis Roche Altamira, Caracas"
XM-DAC-46008-cfl0000003477,1,CAF Development bank of Latin America and the Caribbean,,,,,transparencia@caf.com,https://www.caf.com,"Torre CAF, Av Luis Roche Altamira, Caracas"
XM-DAC-46008-cfa011063,1,CAF Development bank of Latin America and the Caribbean,,,,,transparencia@caf.com,https://www.caf.com,"Torre CAF, Av Luis Roche Altamira, Caracas"
XM-DAC-46008-cfa009757,1,CAF Development bank of Latin America and the Caribbean,,,,,transparencia@caf.com,https://www.caf.com,"Torre CAF, Av Luis Roche Altamira, Caracas"
XM-DAC-46008-cfa010713,1,CAF Development bank of Latin America and the Caribbean,,,,,transparencia@caf.com,https://www.caf.com,"Torre CAF, Av Luis Roche Altamira, Caracas"
XM-DAC-46008-cfa009204,1,CAF Development bank of Latin America and the Caribbean,,,,,transparencia@caf.com,https://www.caf.com,"Torre CAF, Av Luis Roche Altamira, Caracas"
XM-DAC-46008-cfa012275,1,CAF Development bank of Latin America and the Caribbean,,,,,transparencia@caf.com,https://www.caf.com,"Torre CAF, Av Luis Roche Altamira, Caracas"
XM-DAC-46008-cfa011459,1,CAF Development bank of Latin America and the Caribbean,,,,,transparencia@caf.com,https://www.caf.com,"Torre CAF, Av Luis Roche Altamira, Caracas"
XM-DAC-46008-cfl0000003412,1,CAF Development bank of Latin America and the Caribbean,,,,,transparencia@caf.com,https://www.caf.com,"Torre CAF, Av Luis Roche Altamira, Caracas"
XM-DAC-46008-cfa011191,1,CAF Development bank of Latin America and the Caribbean,,,,,transparencia@caf.com,https://www.caf.com,"Torre CAF, Av Luis Roche Altamira, Caracas"
XM-DAC-46008-cfa011189,1,CAF Development bank of Latin America and the Caribbean,,,,,transparencia@caf.com,https://www.caf.com,"Torre CAF, Av Luis Roche Altamira, Caracas"
XM-DAC-46008-cfa008748,1,CAF Development bank of Latin America and the Caribbean,,,,,transparencia@caf.com,https://www.caf.com,"Torre CAF, Av Luis Roche Altamira, Caracas"
XM-DAC-46008-cfa007990,1,CAF Development bank of Latin America and the Caribbean,,,,,transparencia@caf.com,https://www.caf.com,"Torre CAF, Av Luis Roche Altamira, Caracas"
XM-DAC-46008-cfl0000002469,1,CAF Development bank of Latin America and the Caribbean,,,,,transparencia@caf.com,https://www.caf.com,"Torre CAF, Av Luis Roche Altamira, Caracas"
XM-DAC-46008-cfa011827,1,CAF Development bank of Latin America and the Caribbean,,,,,transparencia@caf.com,https://www.caf.com,"Torre CAF, Av Luis Roche Altamira, Caracas"
XM-DAC-46008-cfa012093,1,CAF Development bank of Latin America and the Caribbean,,,,,transparencia@caf.com,https://www.caf.com,"Torre CAF, Av Luis Roche Altamira, Caracas"
XM-DAC-46008-cfa008741,1,CAF Development bank of Latin America and the Caribbean,,,,,transparencia@caf.com,https://www.caf.com,"Torre CAF, Av Luis Roche Altamira, Caracas"
XM-DAC-46008-cfa011456,1,CAF Development bank of Latin America and the Caribbean,,,,,transparencia@caf.com,https://www.caf.com,"Torre CAF, Av Luis Roche Altamira, Caracas"
XM-DAC-46008-cfa012334,1,CAF Development bank of Latin America and the Caribbean,,,,,transparencia@caf.com,https://www.caf.com,"Torre CAF, Av Luis Roche Altamira, Caracas"
XM-DAC-46008-cfa010061,1,CAF Development bank of Latin America and the Caribbean,,,,,transparencia@caf.com,https://www.caf.com,"Torre CAF, Av Luis Roche Altamira, Caracas"
XM-DAC-46008-cfl0000003683,1,CAF Development bank of Latin America and the Caribbean,,,,,transparencia@caf.com,https://www.caf.com,"Torre CAF, Av Luis Roche Altamira, Caracas"
XM-DAC-46008-cfl0000003580,1,CAF Development bank of Latin America and the Caribbean,,,,,transparencia@caf.com,https://www.caf.com,"Torre CAF, Av Luis Roche Altamira, Caracas"
XM-DAC-46008-cfa009759,1,CAF Development bank of Latin America and the Caribbean,,,,,transparencia@caf.com,https://www.caf.com,"Torre CAF, Av Luis Roche Altamira, Caracas"
XM-DAC-46008-cfa011906,1,CAF Development bank of Latin America and the Caribbean,,,,,transparencia@caf.com,https://www.caf.com,"Torre CAF, Av Luis Roche Altamira, Caracas"
XM-DAC-46008-cfa010209,1,CAF Development bank of Latin America and the Caribbean,,,,,transparencia@caf.com,https://www.caf.com,"Torre CAF, Av Luis Roche Altamira, Caracas"
XM-DAC-46008-cfa009272,1,CAF Development bank of Latin America and the Caribbean,,,,,transparencia@caf.com,https://www.caf.com,"Torre CAF, Av Luis Roche Altamira, Caracas"
XM-DAC-46008-cfa011790,1,CAF Development bank of Latin America and the Caribbean,,,,,transparencia@caf.com,https://www.caf.com,"Torre CAF, Av Luis Roche Altamira, Caracas"
XM-DAC-46008-cfl0000003406,1,CAF Development bank of Latin America and the Caribbean,,,,,transparencia@caf.com,https://www.caf.com,"Torre CAF, Av Luis Roche Altamira, Caracas"
XM-DAC-46008-cfa011061,1,CAF Development bank of Latin America and the Caribbean,,,,,transparencia@caf.com,https://www.caf.com,"Torre CAF, Av Luis Roche Altamira, Caracas"
XM-DAC-46008-cfl0000003492,1,CAF Development bank of Latin America and the Caribbean,,,,,transparencia@caf.com,https://www.caf.com,"Torre CAF, Av Luis Roche Altamira, Caracas"
XM-DAC-46008-cfa012056,1,CAF Development bank of Latin America and the Caribbean,,,,,transparencia@caf.com,https://www.caf.com,"Torre CAF, Av Luis Roche Altamira, Caracas"
XM-DAC-46008-cfa012596,1,CAF Development bank of Latin America and the Caribbean,,,,,transparencia@caf.com,https://www.caf.com,"Torre CAF, Av Luis Roche Altamira, Caracas"
XM-DAC-46008-cfa010675,1,CAF Development bank of Latin America and the Caribbean,,,,,transparencia@caf.com,https://www.caf.com,"Torre CAF, Av Luis Roche Altamira, Caracas"
XM-DAC-46008-cfa012325,1,CAF Development bank of Latin America and the Caribbean,,,,,transparencia@caf.com,https://www.caf.com,"Torre CAF, Av Luis Roche Altamira, Caracas"
XM-DAC-46008-cfa008791,1,CAF Development bank of Latin America and the Caribbean,,,,,transparencia@caf.com,https://www.caf.com,"Torre CAF, Av Luis Roche Altamira, Caracas"
XM-DAC-46008-cfa012442,1,CAF Development bank of Latin America and the Caribbean,,,,,transparencia@caf.com,https://www.caf.com,"Torre CAF, Av Luis Roche Altamira, Caracas"
XM-DAC-46008-cfa012569,1,CAF Development bank of Latin America and the Caribbean,,,,,transparencia@caf.com,https://www.caf.com,"Torre CAF, Av Luis Roche Altamira, Caracas"
XM-DAC-46008-cfa011489,1,CAF Development bank of Latin America and the Caribbean,,,,,transparencia@caf.com,https://www.caf.com,"Torre CAF, Av Luis Roche Altamira, Caracas"
XM-DAC-46008-cfa012694,1,CAF Development bank of Latin America and the Caribbean,,,,,transparencia@caf.com,https://www.caf.com,"Torre CAF, Av Luis Roche Altamira, Caracas"
XM-DAC-46008-cfa011057,1,CAF Development bank of Latin America and the Caribbean,,,,,transparencia@caf.com,https://www.caf.com,"Torre CAF, Av Luis Roche Altamira, Caracas"
XM-DAC-46008-cfa009919,1,CAF Development bank of Latin America and the Caribbean,,,,,transparencia@caf.com,https://www.caf.com,"Torre CAF, Av Luis Roche Altamira, Caracas"
XM-DAC-46008-cfc012385,1,CAF Development bank of Latin America and the Caribbean,,,,,transparencia@caf.com,https://www.caf.com,"Torre CAF, Av Luis Roche Altamira, Caracas"
XM-DAC-46008-cfa902406,1,CAF Development bank of Latin America and the Caribbean,,,,,transparencia@caf.com,https://www.caf.com,"Torre CAF, Av Luis Roche Altamira, Caracas"
XM-DAC-46008-cfa012064,1,CAF Development bank of Latin America and the Caribbean,,,,,transparencia@caf.com,https://www.caf.com,"Torre CAF, Av Luis Roche Altamira, Caracas"
XM-DAC-46008-cfl0000003443,1,CAF Development bank of Latin America and the Caribbean,,,,,transparencia@caf.com,https://www.caf.com,"Torre CAF, Av Luis Roche Altamira, Caracas"
XM-DAC-46008-cfa011997,1,CAF Development bank of Latin America and the Caribbean,,,,,transparencia@caf.com,https://www.caf.com,"Torre CAF, Av Luis Roche Altamira, Caracas"
XM-DAC-46008-cfa011175,1,CAF Development bank of Latin America and the Caribbean,,,,,transparencia@caf.com,https://www.caf.com,"Torre CAF, Av Luis Roche Altamira, Caracas"
XM-DAC-46008-cfa011740,1,CAF Development bank of Latin America and the Caribbean,,,,,transparencia@caf.com,https://www.caf.com,"Torre CAF, Av Luis Roche Altamira, Caracas"
XM-DAC-46008-cfa011247,1,CAF Development bank of Latin America and the Caribbean,,,,,transparencia@caf.com,https://www.caf.com,"Torre CAF, Av Luis Roche Altamira, Caracas"
XM-DAC-46008-cfa010641,1,CAF Development bank of Latin America and the Caribbean,,,,,transparencia@caf.com,https://www.caf.com,"Torre CAF, Av Luis Roche Altamira, Caracas"
XM-DAC-46008-cfa008471,1,CAF Development bank of Latin America and the Caribbean,,,,,transparencia@caf.com,https://www.caf.com,"Torre CAF, Av Luis Roche Altamira, Caracas"
XM-DAC-46008-cfa011781,1,CAF Development bank of Latin America and the Caribbean,,,,,transparencia@caf.com,https://www.caf.com,"Torre CAF, Av Luis Roche Altamira, Caracas"
XM-DAC-46008-cfa009660,1,CAF Development bank of Latin America and the Caribbean,,,,,transparencia@caf.com,https://www.caf.com,"Torre CAF, Av Luis Roche Altamira, Caracas"
XM-DAC-46008-cfa012061,1,CAF Development bank of Latin America and the Caribbean,,,,,transparencia@caf.com,https://www.caf.com,"Torre CAF, Av Luis Roche Altamira, Caracas"
XM-DAC-46008-cfl0000000620,1,CAF Development bank of Latin America and the Caribbean,,,,,transparencia@caf.com,https://www.caf.com,"Torre CAF, Av Luis Roche Altamira, Caracas"
XM-DAC-46008-cfa012205,1,CAF Development bank of Latin America and the Caribbean,,,,,transparencia@caf.com,https://www.caf.com,"Torre CAF, Av Luis Roche Altamira, Caracas"
XM-DAC-46008-cfa012265,1,CAF Development bank of Latin America and the Caribbean,,,,,transparencia@caf.com,https://www.caf.com,"Torre CAF, Av Luis Roche Altamira, Caracas"
XM-DAC-46008-cfa010730,1,CAF Development bank of Latin America and the Caribbean,,,,,transparencia@caf.com,https://www.caf.com,"Torre CAF, Av Luis Roche Altamira, Caracas"
XM-DAC-46008-cfa011652,1,CAF Development bank of Latin America and the Caribbean,,,,,transparencia@caf.com,https://www.caf.com,"Torre CAF, Av Luis Roche Altamira, Caracas"
XM-DAC-46008-cfa010873,1,CAF Development bank of Latin America and the Caribbean,,,,,transparencia@caf.com,https://www.caf.com,"Torre CAF, Av Luis Roche Altamira, Caracas"
XM-DAC-46008-cfa010703,1,CAF Development bank of Latin America and the Caribbean,,,,,transparencia@caf.com,https://www.caf.com,"Torre CAF, Av Luis Roche Altamira, Caracas"
XM-DAC-46008-cfa009458,1,CAF Development bank of Latin America and the Caribbean,,,,,transparencia@caf.com,https://www.caf.com,"Torre CAF, Av Luis Roche Altamira, Caracas"
XM-DAC-46008-cfl0000003481,1,CAF Development bank of Latin America and the Caribbean,,,,,transparencia@caf.com,https://www.caf.com,"Torre CAF, Av Luis Roche Altamira, Caracas"
XM-DAC-46008-cfa011960,1,CAF Development bank of Latin America and the Caribbean,,,,,transparencia@caf.com,https://www.caf.com,"Torre CAF, Av Luis Roche Altamira, Caracas"
XM-DAC-46008-cfa011052,1,CAF Development bank of Latin America and the Caribbean,,,,,transparencia@caf.com,https://www.caf.com,"Torre CAF, Av Luis Roche Altamira, Caracas"
XM-DAC-46008-cfa012351,1,CAF Development bank of Latin America and the Caribbean,,,,,transparencia@caf.com,https://www.caf.com,"Torre CAF, Av Luis Roche Altamira, Caracas"
XM-DAC-46008-cfl0000003530,1,CAF Development bank of Latin America and the Caribbean,,,,,transparencia@caf.com,https://www.caf.com,"Torre CAF, Av Luis Roche Altamira, Caracas"
XM-DAC-46008-cfl0000003813,1,CAF Development bank of Latin America and the Caribbean,,,,,transparencia@caf.com,https://www.caf.com,"Torre CAF, Av Luis Roche Altamira, Caracas"
XM-DAC-46008-cfa008734,1,CAF Development bank of Latin America and the Caribbean,,,,,transparencia@caf.com,https://www.caf.com,"Torre CAF, Av Luis Roche Altamira, Caracas"
XM-DAC-46008-cfa009225,1,CAF Development bank of Latin America and the Caribbean,,,,,transparencia@caf.com,https://www.caf.com,"Torre CAF, Av Luis Roche Altamira, Caracas"
XM-DAC-46008-cfa012652,1,CAF Development bank of Latin America and the Caribbean,,,,,transparencia@caf.com,https://www.caf.com,"Torre CAF, Av Luis Roche Altamira, Caracas"
XM-DAC-46008-cfl0000003500,1,CAF Development bank of Latin America and the Caribbean,,,,,transparencia@caf.com,https://www.caf.com,"Torre CAF, Av Luis Roche Altamira, Caracas"
XM-DAC-46008-cfa011585,1,CAF Development bank of Latin America and the Caribbean,,,,,transparencia@caf.com,https://www.caf.com,"Torre CAF, Av Luis Roche Altamira, Caracas"
XM-DAC-46008-cfl0000003444,1,CAF Development bank of Latin America and the Caribbean,,,,,transparencia@caf.com,https://www.caf.com,"Torre CAF, Av Luis Roche Altamira, Caracas"
XM-DAC-46008-cfa012668,1,CAF Development bank of Latin America and the Caribbean,,,,,transparencia@caf.com,https://www.caf.com,"Torre CAF, Av Luis Roche Altamira, Caracas"
XM-DAC-46008-cfl0000003438,1,CAF Development bank of Latin America and the Caribbean,,,,,transparencia@caf.com,https://www.caf.com,"Torre CAF, Av Luis Roche Altamira, Caracas"
XM-DAC-46008-cfl0000003529,1,CAF Development bank of Latin America and the Caribbean,,,,,transparencia@caf.com,https://www.caf.com,"Torre CAF, Av Luis Roche Altamira, Caracas"
XM-DAC-46008-cfl0000003483,1,CAF Development bank of Latin America and the Caribbean,,,,,transparencia@caf.com,https://www.caf.com,"Torre CAF, Av Luis Roche Altamira, Caracas"
XM-DAC-46008-cfa009282,1,CAF Development bank of Latin America and the Caribbean,,,,,transparencia@caf.com,https://www.caf.com,"Torre CAF, Av Luis Roche Altamira, Caracas"
XM-DAC-46008-cfa011699,1,CAF Development bank of Latin America and the Caribbean,,,,,transparencia@caf.com,https://www.caf.com,"Torre CAF, Av Luis Roche Altamira, Caracas"
XM-DAC-46008-cfa011545,1,CAF Development bank of Latin America and the Caribbean,,,,,transparencia@caf.com,https://www.caf.com,"Torre CAF, Av Luis Roche Altamira, Caracas"
XM-DAC-46008-cfa008889,1,CAF Development bank of Latin America and the Caribbean,,,,,transparencia@caf.com,https://www.caf.com,"Torre CAF, Av Luis Roche Altamira, Caracas"
XM-DAC-46008-cfa011618,1,CAF Development bank of Latin America and the Caribbean,,,,,transparencia@caf.com,https://www.caf.com,"Torre CAF, Av Luis Roche Altamira, Caracas"
XM-DAC-46008-cfa010639,1,CAF Development bank of Latin America and the Caribbean,,,,,transparencia@caf.com,https://www.caf.com,"Torre CAF, Av Luis Roche Altamira, Caracas"
XM-DAC-46008-cfa011297,1,CAF Development bank of Latin America and the Caribbean,,,,,transparencia@caf.com,https://www.caf.com,"Torre CAF, Av Luis Roche Altamira, Caracas"
XM-DAC-46008-cfl0000003545,1,CAF Development bank of Latin America and the Caribbean,,,,,transparencia@caf.com,https://www.caf.com,"Torre CAF, Av Luis Roche Altamira, Caracas"
XM-DAC-46008-cfa011634,1,CAF Development bank of Latin America and the Caribbean,,,,,transparencia@caf.com,https://www.caf.com,"Torre CAF, Av Luis Roche Altamira, Caracas"
XM-DAC-46008-cfa902404,1,CAF Development bank of Latin America and the Caribbean,,,,,transparencia@caf.com,https://www.caf.com,"Torre CAF, Av Luis Roche Altamira, Caracas"
XM-DAC-46008-cfa011746,1,CAF Development bank of Latin America and the Caribbean,,,,,transparencia@caf.com,https://www.caf.com,"Torre CAF, Av Luis Roche Altamira, Caracas"
XM-DAC-46008-cfa011218,1,CAF Development bank of Latin America and the Caribbean,,,,,transparencia@caf.com,https://www.caf.com,"Torre CAF, Av Luis Roche Altamira, Caracas"
XM-DAC-46008-cfl0000003203,1,CAF Development bank of Latin America and the Caribbean,,,,,transparencia@caf.com,https://www.caf.com,"Torre CAF, Av Luis Roche Altamira, Caracas"
XM-DAC-46008-cfa008919,1,CAF Development bank of Latin America and the Caribbean,,,,,transparencia@caf.com,https://www.caf.com,"Torre CAF, Av Luis Roche Altamira, Caracas"
XM-DAC-46008-cfa009609,1,CAF Development bank of Latin America and the Caribbean,,,,,transparencia@caf.com,https://www.caf.com,"Torre CAF, Av Luis Roche Altamira, Caracas"
XM-DAC-46008-cfa012132,1,CAF Development bank of Latin America and the Caribbean,,,,,transparencia@caf.com,https://www.caf.com,"Torre CAF, Av Luis Roche Altamira, Caracas"
XM-DAC-46008-cfa011886,1,CAF Development bank of Latin America and the Caribbean,,,,,transparencia@caf.com,https://www.caf.com,"Torre CAF, Av Luis Roche Altamira, Caracas"
XM-DAC-46008-cfa011027,1,CAF Development bank of Latin America and the Caribbean,,,,,transparencia@caf.com,https://www.caf.com,"Torre CAF, Av Luis Roche Altamira, Caracas"
XM-DAC-46008-cfa008570,1,CAF Development bank of Latin America and the Caribbean,,,,,transparencia@caf.com,https://www.caf.com,"Torre CAF, Av Luis Roche Altamira, Caracas"
XM-DAC-46008-cfa010751,1,CAF Development bank of Latin America and the Caribbean,,,,,transparencia@caf.com,https://www.caf.com,"Torre CAF, Av Luis Roche Altamira, Caracas"
XM-DAC-46008-cfa010491,1,CAF Development bank of Latin America and the Caribbean,,,,,transparencia@caf.com,https://www.caf.com,"Torre CAF, Av Luis Roche Altamira, Caracas"
XM-DAC-46008-cfa009626,1,CAF Development bank of Latin America and the Caribbean,,,,,transparencia@caf.com,https://www.caf.com,"Torre CAF, Av Luis Roche Altamira, Caracas"
XM-DAC-46008-cfa011840,1,CAF Development bank of Latin America and the Caribbean,,,,,transparencia@caf.com,https://www.caf.com,"Torre CAF, Av Luis Roche Altamira, Caracas"
XM-DAC-46008-cfa011497,1,CAF Development bank of Latin America and the Caribbean,,,,,transparencia@caf.com,https://www.caf.com,"Torre CAF, Av Luis Roche Altamira, Caracas"
XM-DAC-46008-cfa008604,1,CAF Development bank of Latin America and the Caribbean,,,,,transparencia@caf.com,https://www.caf.com,"Torre CAF, Av Luis Roche Altamira, Caracas"
XM-DAC-46008-cfa012375,1,CAF Development bank of Latin America and the Caribbean,,,,,transparencia@caf.com,https://www.caf.com,"Torre CAF, Av Luis Roche Altamira, Caracas"
XM-DAC-46008-cfa012190,1,CAF Development bank of Latin America and the Caribbean,,,,,transparencia@caf.com,https://www.caf.com,"Torre CAF, Av Luis Roche Altamira, Caracas"
XM-DAC-46008-cfa009238,1,CAF Development bank of Latin America and the Caribbean,,,,,transparencia@caf.com,https://www.caf.com,"Torre CAF, Av Luis Roche Altamira, Caracas"
XM-DAC-46008-cfa008608,1,CAF Development bank of Latin America and the Caribbean,,,,,transparencia@caf.com,https://www.caf.com,"Torre CAF, Av Luis Roche Altamira, Caracas"
XM-DAC-46008-cfl0000003265,1,CAF Development bank of Latin America and the Caribbean,,,,,transparencia@caf.com,https://www.caf.com,"Torre CAF, Av Luis Roche Altamira, Caracas"
XM-DAC-46008-cfl0000003432,1,CAF Development bank of Latin America and the Caribbean,,,,,transparencia@caf.com,https://www.caf.com,"Torre CAF, Av Luis Roche Altamira, Caracas"
XM-DAC-46008-cfa010793,1,CAF Development bank of Latin America and the Caribbean,,,,,transparencia@caf.com,https://www.caf.com,"Torre CAF, Av Luis Roche Altamira, Caracas"
XM-DAC-46008-cfa008424,1,CAF Development bank of Latin America and the Caribbean,,,,,transparencia@caf.com,https://www.caf.com,"Torre CAF, Av Luis Roche Altamira, Caracas"
XM-DAC-46008-cfa004488,1,CAF Development bank of Latin America and the Caribbean,,,,,transparencia@caf.com,https://www.caf.com,"Torre CAF, Av Luis Roche Altamira, Caracas"
XM-DAC-46008-cfl0000003533,1,CAF Development bank of Latin America and the Caribbean,,,,,transparencia@caf.com,https://www.caf.com,"Torre CAF, Av Luis Roche Altamira, Caracas"
XM-DAC-46008-cfa004506,1,CAF Development bank of Latin America and the Caribbean,,,,,transparencia@caf.com,https://www.caf.com,"Torre CAF, Av Luis Roche Altamira, Caracas"
XM-DAC-46008-cfa012251,1,CAF Development bank of Latin America and the Caribbean,,,,,transparencia@caf.com,https://www.caf.com,"Torre CAF, Av Luis Roche Altamira, Caracas"
XM-DAC-46008-cfa012572,1,CAF Development bank of Latin America and the Caribbean,,,,,transparencia@caf.com,https://www.caf.com,"Torre CAF, Av Luis Roche Altamira, Caracas"
XM-DAC-46008-cfa902408,1,CAF Development bank of Latin America and the Caribbean,,,,,transparencia@caf.com,https://www.caf.com,"Torre CAF, Av Luis Roche Altamira, Caracas"
XM-DAC-46008-cfa009331,1,CAF Development bank of Latin America and the Caribbean,,,,,transparencia@caf.com,https://www.caf.com,"Torre CAF, Av Luis Roche Altamira, Caracas"
XM-DAC-46008-cfa008349,1,CAF Development bank of Latin America and the Caribbean,,,,,transparencia@caf.com,https://www.caf.com,"Torre CAF, Av Luis Roche Altamira, Caracas"
XM-DAC-46008-cfa010524,1,CAF Development bank of Latin America and the Caribbean,,,,,transparencia@caf.com,https://www.caf.com,"Torre CAF, Av Luis Roche Altamira, Caracas"
XM-DAC-46008-cfa012076,1,CAF Development bank of Latin America and the Caribbean,,,,,transparencia@caf.com,https://www.caf.com,"Torre CAF, Av Luis Roche Altamira, Caracas"
XM-DAC-46008-cfl0000003445,1,CAF Development bank of Latin America and the Caribbean,,,,,transparencia@caf.com,https://www.caf.com,"Torre CAF, Av Luis Roche Altamira, Caracas"
XM-DAC-46008-cfa007352,1,CAF Development bank of Latin America and the Caribbean,,,,,transparencia@caf.com,https://www.caf.com,"Torre CAF, Av Luis Roche Altamira, Caracas"
XM-DAC-46008-cfa012048,1,CAF Development bank of Latin America and the Caribbean,,,,,transparencia@caf.com,https://www.caf.com,"Torre CAF, Av Luis Roche Altamira, Caracas"
XM-DAC-46008-cfa000866,1,CAF Development bank of Latin America and the Caribbean,,,,,transparencia@caf.com,https://www.caf.com,"Torre CAF, Av Luis Roche Altamira, Caracas"
XM-DAC-46008-cfa012150,1,CAF Development bank of Latin America and the Caribbean,,,,,transparencia@caf.com,https://www.caf.com,"Torre CAF, Av Luis Roche Altamira, Caracas"
XM-DAC-46008-cfa010521,1,CAF Development bank of Latin America and the Caribbean,,,,,transparencia@caf.com,https://www.caf.com,"Torre CAF, Av Luis Roche Altamira, Caracas"
XM-DAC-46008-cfa012135,1,CAF Development bank of Latin America and the Caribbean,,,,,transparencia@caf.com,https://www.caf.com,"Torre CAF, Av Luis Roche Altamira, Caracas"
XM-DAC-46008-cfl0000003686,1,CAF Development bank of Latin America and the Caribbean,,,,,transparencia@caf.com,https://www.caf.com,"Torre CAF, Av Luis Roche Altamira, Caracas"
XM-DAC-46008-cfa012200,1,CAF Development bank of Latin America and the Caribbean,,,,,transparencia@caf.com,https://www.caf.com,"Torre CAF, Av Luis Roche Altamira, Caracas"
XM-DAC-46008-cfa010989,1,CAF Development bank of Latin America and the Caribbean,,,,,transparencia@caf.com,https://www.caf.com,"Torre CAF, Av Luis Roche Altamira, Caracas"
XM-DAC-46008-cfa011299,1,CAF Development bank of Latin America and the Caribbean,,,,,transparencia@caf.com,https://www.caf.com,"Torre CAF, Av Luis Roche Altamira, Caracas"
XM-DAC-46008-cfa011060,1,CAF Development bank of Latin America and the Caribbean,,,,,transparencia@caf.com,https://www.caf.com,"Torre CAF, Av Luis Roche Altamira, Caracas"
XM-DAC-46008-cfa011779,1,CAF Development bank of Latin America and the Caribbean,,,,,transparencia@caf.com,https://www.caf.com,"Torre CAF, Av Luis Roche Altamira, Caracas"
XM-DAC-46008-cfa009103,1,CAF Development bank of Latin America and the Caribbean,,,,,transparencia@caf.com,https://www.caf.com,"Torre CAF, Av Luis Roche Altamira, Caracas"
XM-DAC-46008-cfa009787,1,CAF Development bank of Latin America and the Caribbean,,,,,transparencia@caf.com,https://www.caf.com,"Torre CAF, Av Luis Roche Altamira, Caracas"
XM-DAC-46008-cfa008132,1,CAF Development bank of Latin America and the Caribbean,,,,,transparencia@caf.com,https://www.caf.com,"Torre CAF, Av Luis Roche Altamira, Caracas"
XM-DAC-46008-cfa010823,1,CAF Development bank of Latin America and the Caribbean,,,,,transparencia@caf.com,https://www.caf.com,"Torre CAF, Av Luis Roche Altamira, Caracas"
XM-DAC-46008-cfa012147,1,CAF Development bank of Latin America and the Caribbean,,,,,transparencia@caf.com,https://www.caf.com,"Torre CAF, Av Luis Roche Altamira, Caracas"
XM-DAC-46008-cfa012360,1,CAF Development bank of Latin America and the Caribbean,,,,,transparencia@caf.com,https://www.caf.com,"Torre CAF, Av Luis Roche Altamira, Caracas"
XM-DAC-46008-cfa010867,1,CAF Development bank of Latin America and the Caribbean,,,,,transparencia@caf.com,https://www.caf.com,"Torre CAF, Av Luis Roche Altamira, Caracas"
XM-DAC-46008-cfa004496,1,CAF Development bank of Latin America and the Caribbean,,,,,transparencia@caf.com,https://www.caf.com,"Torre CAF, Av Luis Roche Altamira, Caracas"
XM-DAC-46008-cfa011860,1,CAF Development bank of Latin America and the Caribbean,,,,,transparencia@caf.com,https://www.caf.com,"Torre CAF, Av Luis Roche Altamira, Caracas"
XM-DAC-46008-cfa007644,1,CAF Development bank of Latin America and the Caribbean,,,,,transparencia@caf.com,https://www.caf.com,"Torre CAF, Av Luis Roche Altamira, Caracas"
XM-DAC-46008-cfa011100,1,CAF Development bank of Latin America and the Caribbean,,,,,transparencia@caf.com,https://www.caf.com,"Torre CAF, Av Luis Roche Altamira, Caracas"
XM-DAC-46008-cfa009854,1,CAF Development bank of Latin America and the Caribbean,,,,,transparencia@caf.com,https://www.caf.com,"Torre CAF, Av Luis Roche Altamira, Caracas"
XM-DAC-46008-cfa008779,1,CAF Development bank of Latin America and the Caribbean,,,,,transparencia@caf.com,https://www.caf.com,"Torre CAF, Av Luis Roche Altamira, Caracas"
XM-DAC-46008-cfa011733,1,CAF Development bank of Latin America and the Caribbean,,,,,transparencia@caf.com,https://www.caf.com,"Torre CAF, Av Luis Roche Altamira, Caracas"
XM-DAC-46008-cfa011815,1,CAF Development bank of Latin America and the Caribbean,,,,,transparencia@caf.com,https://www.caf.com,"Torre CAF, Av Luis Roche Altamira, Caracas"
XM-DAC-46008-cfa011783,1,CAF Development bank of Latin America and the Caribbean,,,,,transparencia@caf.com,https://www.caf.com,"Torre CAF, Av Luis Roche Altamira, Caracas"
XM-DAC-46008-cfa012474,1,CAF Development bank of Latin America and the Caribbean,,,,,transparencia@caf.com,https://www.caf.com,"Torre CAF, Av Luis Roche Altamira, Caracas"
XM-DAC-46008-cfa010968,1,CAF Development bank of Latin America and the Caribbean,,,,,transparencia@caf.com,https://www.caf.com,"Torre CAF, Av Luis Roche Altamira, Caracas"
XM-DAC-46008-cfc008353,1,CAF Development bank of Latin America and the Caribbean,,,,,transparencia@caf.com,https://www.caf.com,"Torre CAF, Av Luis Roche Altamira, Caracas"
XM-DAC-46008-cfa008003,1,CAF Development bank of Latin America and the Caribbean,,,,,transparencia@caf.com,https://www.caf.com,"Torre CAF, Av Luis Roche Altamira, Caracas"
XM-DAC-46008-cfa008868,1,CAF Development bank of Latin America and the Caribbean,,,,,transparencia@caf.com,https://www.caf.com,"Torre CAF, Av Luis Roche Altamira, Caracas"
XM-DAC-46008-cfa011686,1,CAF Development bank of Latin America and the Caribbean,,,,,transparencia@caf.com,https://www.caf.com,"Torre CAF, Av Luis Roche Altamira, Caracas"
XM-DAC-46008-cfa011447,1,CAF Development bank of Latin America and the Caribbean,,,,,transparencia@caf.com,https://www.caf.com,"Torre CAF, Av Luis Roche Altamira, Caracas"
XM-DAC-46008-cfa009120,1,CAF Development bank of Latin America and the Caribbean,,,,,transparencia@caf.com,https://www.caf.com,"Torre CAF, Av Luis Roche Altamira, Caracas"
XM-DAC-46008-cfa012044,1,CAF Development bank of Latin America and the Caribbean,,,,,transparencia@caf.com,https://www.caf.com,"Torre CAF, Av Luis Roche Altamira, Caracas"
XM-DAC-46008-cfa011072,1,CAF Development bank of Latin America and the Caribbean,,,,,transparencia@caf.com,https://www.caf.com,"Torre CAF, Av Luis Roche Altamira, Caracas"
XM-DAC-46008-cfa008272,1,CAF Development bank of Latin America and the Caribbean,,,,,transparencia@caf.com,https://www.caf.com,"Torre CAF, Av Luis Roche Altamira, Caracas"
XM-DAC-46008-cfa012634,1,CAF Development bank of Latin America and the Caribbean,,,,,transparencia@caf.com,https://www.caf.com,"Torre CAF, Av Luis Roche Altamira, Caracas"
XM-DAC-46008-cfa010362,1,CAF Development bank of Latin America and the Caribbean,,,,,transparencia@caf.com,https://www.caf.com,"Torre CAF, Av Luis Roche Altamira, Caracas"
XM-DAC-46008-cfa011054,1,CAF Development bank of Latin America and the Caribbean,,,,,transparencia@caf.com,https://www.caf.com,"Torre CAF, Av Luis Roche Altamira, Caracas"
XM-DAC-46008-cfa008788,1,CAF Development bank of Latin America and the Caribbean,,,,,transparencia@caf.com,https://www.caf.com,"Torre CAF, Av Luis Roche Altamira, Caracas"
XM-DAC-46008-cfa010726,1,CAF Development bank of Latin America and the Caribbean,,,,,transparencia@caf.com,https://www.caf.com,"Torre CAF, Av Luis Roche Altamira, Caracas"
XM-DAC-46008-cfa010131,1,CAF Development bank of Latin America and the Caribbean,,,,,transparencia@caf.com,https://www.caf.com,"Torre CAF, Av Luis Roche Altamira, Caracas"
XM-DAC-46008-cfa012330,1,CAF Development bank of Latin America and the Caribbean,,,,,transparencia@caf.com,https://www.caf.com,"Torre CAF, Av Luis Roche Altamira, Caracas"
XM-DAC-46008-cfa011792,1,CAF Development bank of Latin America and the Caribbean,,,,,transparencia@caf.com,https://www.caf.com,"Torre CAF, Av Luis Roche Altamira, Caracas"
XM-DAC-46008-cfa007407,1,CAF Development bank of Latin America and the Caribbean,,,,,transparencia@caf.com,https://www.caf.com,"Torre CAF, Av Luis Roche Altamira, Caracas"
XM-DAC-46008-cfa010801,1,CAF Development bank of Latin America and the Caribbean,,,,,transparencia@caf.com,https://www.caf.com,"Torre CAF, Av Luis Roche Altamira, Caracas"
XM-DAC-46008-cfl0000003213,1,CAF Development bank of Latin America and the Caribbean,,,,,transparencia@caf.com,https://www.caf.com,"Torre CAF, Av Luis Roche Altamira, Caracas"
XM-DAC-46008-cfc003359,1,CAF Development bank of Latin America and the Caribbean,,,,,transparencia@caf.com,https://www.caf.com,"Torre CAF, Av Luis Roche Altamira, Caracas"
XM-DAC-46008-cfa006993,1,CAF Development bank of Latin America and the Caribbean,,,,,transparencia@caf.com,https://www.caf.com,"Torre CAF, Av Luis Roche Altamira, Caracas"
XM-DAC-46008-cfa011553,1,CAF Development bank of Latin America and the Caribbean,,,,,transparencia@caf.com,https://www.caf.com,"Torre CAF, Av Luis Roche Altamira, Caracas"
XM-DAC-46008-cfa012226,1,CAF Development bank of Latin America and the Caribbean,,,,,transparencia@caf.com,https://www.caf.com,"Torre CAF, Av Luis Roche Altamira, Caracas"
XM-DAC-46008-cfa008787,1,CAF Development bank of Latin America and the Caribbean,,,,,transparencia@caf.com,https://www.caf.com,"Torre CAF, Av Luis Roche Altamira, Caracas"
XM-DAC-46008-cfa009148,1,CAF Development bank of Latin America and the Caribbean,,,,,transparencia@caf.com,https://www.caf.com,"Torre CAF, Av Luis Roche Altamira, Caracas"
XM-DAC-46008-cfa005648,1,CAF Development bank of Latin America and the Caribbean,,,,,transparencia@caf.com,https://www.caf.com,"Torre CAF, Av Luis Roche Altamira, Caracas"
XM-DAC-46008-cfa008439,1,CAF Development bank of Latin America and the Caribbean,,,,,transparencia@caf.com,https://www.caf.com,"Torre CAF, Av Luis Roche Altamira, Caracas"
XM-DAC-46008-cfa005320,1,CAF Development bank of Latin America and the Caribbean,,,,,transparencia@caf.com,https://www.caf.com,"Torre CAF, Av Luis Roche Altamira, Caracas"
XM-DAC-46008-cfa009482,1,CAF Development bank of Latin America and the Caribbean,,,,,transparencia@caf.com,https://www.caf.com,"Torre CAF, Av Luis Roche Altamira, Caracas"
XM-DAC-46008-cfa011967,1,CAF Development bank of Latin America and the Caribbean,,,,,transparencia@caf.com,https://www.caf.com,"Torre CAF, Av Luis Roche Altamira, Caracas"
XM-DAC-46008-cfa008457,1,CAF Development bank of Latin America and the Caribbean,,,,,transparencia@caf.com,https://www.caf.com,"Torre CAF, Av Luis Roche Altamira, Caracas"
XM-DAC-46008-cfa006534,1,CAF Development bank of Latin America and the Caribbean,,,,,transparencia@caf.com,https://www.caf.com,"Torre CAF, Av Luis Roche Altamira, Caracas"
XM-DAC-46008-cfa007786,1,CAF Development bank of Latin America and the Caribbean,,,,,transparencia@caf.com,https://www.caf.com,"Torre CAF, Av Luis Roche Altamira, Caracas"
XM-DAC-46008-cfa008959,1,CAF Development bank of Latin America and the Caribbean,,,,,transparencia@caf.com,https://www.caf.com,"Torre CAF, Av Luis Roche Altamira, Caracas"
XM-DAC-46008-cfa011016,1,CAF Development bank of Latin America and the Caribbean,,,,,transparencia@caf.com,https://www.caf.com,"Torre CAF, Av Luis Roche Altamira, Caracas"
XM-DAC-46008-cfa011846,1,CAF Development bank of Latin America and the Caribbean,,,,,transparencia@caf.com,https://www.caf.com,"Torre CAF, Av Luis Roche Altamira, Caracas"
XM-DAC-46008-cfa006697,1,CAF Development bank of Latin America and the Caribbean,,,,,transparencia@caf.com,https://www.caf.com,"Torre CAF, Av Luis Roche Altamira, Caracas"
XM-DAC-46008-cfa009410,1,CAF Development bank of Latin America and the Caribbean,,,,,transparencia@caf.com,https://www.caf.com,"Torre CAF, Av Luis Roche Altamira, Caracas"
XM-DAC-46008-cfa008949,1,CAF Development bank of Latin America and the Caribbean,,,,,transparencia@caf.com,https://www.caf.com,"Torre CAF, Av Luis Roche Altamira, Caracas"
XM-DAC-46008-cfa011691,1,CAF Development bank of Latin America and the Caribbean,,,,,transparencia@caf.com,https://www.caf.com,"Torre CAF, Av Luis Roche Altamira, Caracas"
XM-DAC-46008-cfa012332,1,CAF Development bank of Latin America and the Caribbean,,,,,transparencia@caf.com,https://www.caf.com,"Torre CAF, Av Luis Roche Altamira, Caracas"
XM-DAC-46008-cfa007485,1,CAF Development bank of Latin America and the Caribbean,,,,,transparencia@caf.com,https://www.caf.com,"Torre CAF, Av Luis Roche Altamira, Caracas"
XM-DAC-46008-cfa011346,1,CAF Development bank of Latin America and the Caribbean,,,,,transparencia@caf.com,https://www.caf.com,"Torre CAF, Av Luis Roche Altamira, Caracas"
XM-DAC-46008-cfa012054,1,CAF Development bank of Latin America and the Caribbean,,,,,transparencia@caf.com,https://www.caf.com,"Torre CAF, Av Luis Roche Altamira, Caracas"
XM-DAC-46008-cfa006763,1,CAF Development bank of Latin America and the Caribbean,,,,,transparencia@caf.com,https://www.caf.com,"Torre CAF, Av Luis Roche Altamira, Caracas"
XM-DAC-46008-cfl0000004056,1,CAF Development bank of Latin America and the Caribbean,,,,,transparencia@caf.com,https://www.caf.com,"Torre CAF, Av Luis Roche Altamira, Caracas"
XM-DAC-46008-cfc007956,1,CAF Development bank of Latin America and the Caribbean,,,,,transparencia@caf.com,https://www.caf.com,"Torre CAF, Av Luis Roche Altamira, Caracas"
XM-DAC-46008-cfa009174,1,CAF Development bank of Latin America and the Caribbean,,,,,transparencia@caf.com,https://www.caf.com,"Torre CAF, Av Luis Roche Altamira, Caracas"
XM-DAC-46008-cfa006987,1,CAF Development bank of Latin America and the Caribbean,,,,,transparencia@caf.com,https://www.caf.com,"Torre CAF, Av Luis Roche Altamira, Caracas"
XM-DAC-46008-cfa011968,1,CAF Development bank of Latin America and the Caribbean,,,,,transparencia@caf.com,https://www.caf.com,"Torre CAF, Av Luis Roche Altamira, Caracas"
XM-DAC-46008-cfa012253,1,CAF Development bank of Latin America and the Caribbean,,,,,transparencia@caf.com,https://www.caf.com,"Torre CAF, Av Luis Roche Altamira, Caracas"
XM-DAC-46008-cfa007372,1,CAF Development bank of Latin America and the Caribbean,,,,,transparencia@caf.com,https://www.caf.com,"Torre CAF, Av Luis Roche Altamira, Caracas"
XM-DAC-46008-cfa012565,1,CAF Development bank of Latin America and the Caribbean,,,,,transparencia@caf.com,https://www.caf.com,"Torre CAF, Av Luis Roche Altamira, Caracas"
XM-DAC-46008-cfa011682,1,CAF Development bank of Latin America and the Caribbean,,,,,transparencia@caf.com,https://www.caf.com,"Torre CAF, Av Luis Roche Altamira, Caracas"
XM-DAC-46008-cfa010628,1,CAF Development bank of Latin America and the Caribbean,,,,,transparencia@caf.com,https://www.caf.com,"Torre CAF, Av Luis Roche Altamira, Caracas"
XM-DAC-46008-cfa011985,1,CAF Development bank of Latin America and the Caribbean,,,,,transparencia@caf.com,https://www.caf.com,"Torre CAF, Av Luis Roche Altamira, Caracas"
XM-DAC-46008-cfa012430,1,CAF Development bank of Latin America and the Caribbean,,,,,transparencia@caf.com,https://www.caf.com,"Torre CAF, Av Luis Roche Altamira, Caracas"
XM-DAC-46008-cfa006843,1,CAF Development bank of Latin America and the Caribbean,,,,,transparencia@caf.com,https://www.caf.com,"Torre CAF, Av Luis Roche Altamira, Caracas"
XM-DAC-46008-cfa012615,1,CAF Development bank of Latin America and the Caribbean,,,,,transparencia@caf.com,https://www.caf.com,"Torre CAF, Av Luis Roche Altamira, Caracas"
XM-DAC-46008-cfa011917,1,CAF Development bank of Latin America and the Caribbean,,,,,transparencia@caf.com,https://www.caf.com,"Torre CAF, Av Luis Roche Altamira, Caracas"
XM-DAC-46008-cfa010385,1,CAF Development bank of Latin America and the Caribbean,,,,,transparencia@caf.com,https://www.caf.com,"Torre CAF, Av Luis Roche Altamira, Caracas"
XM-DAC-46008-cfa004495,1,CAF Development bank of Latin America and the Caribbean,,,,,transparencia@caf.com,https://www.caf.com,"Torre CAF, Av Luis Roche Altamira, Caracas"
XM-DAC-46008-cfa006934,1,CAF Development bank of Latin America and the Caribbean,,,,,transparencia@caf.com,https://www.caf.com,"Torre CAF, Av Luis Roche Altamira, Caracas"
XM-DAC-46008-cfa009301,1,CAF Development bank of Latin America and the Caribbean,,,,,transparencia@caf.com,https://www.caf.com,"Torre CAF, Av Luis Roche Altamira, Caracas"
XM-DAC-46008-cfa005319,1,CAF Development bank of Latin America and the Caribbean,,,,,transparencia@caf.com,https://www.caf.com,"Torre CAF, Av Luis Roche Altamira, Caracas"
XM-DAC-46008-cfa009170,1,CAF Development bank of Latin America and the Caribbean,,,,,transparencia@caf.com,https://www.caf.com,"Torre CAF, Av Luis Roche Altamira, Caracas"
XM-DAC-46008-cfa012497,1,CAF Development bank of Latin America and the Caribbean,,,,,transparencia@caf.com,https://www.caf.com,"Torre CAF, Av Luis Roche Altamira, Caracas"
XM-DAC-46008-cfa004844,1,CAF Development bank of Latin America and the Caribbean,,,,,transparencia@caf.com,https://www.caf.com,"Torre CAF, Av Luis Roche Altamira, Caracas"
XM-DAC-46008-cfa008993,1,CAF Development bank of Latin America and the Caribbean,,,,,transparencia@caf.com,https://www.caf.com,"Torre CAF, Av Luis Roche Altamira, Caracas"
XM-DAC-46008-cfa008633,1,CAF Development bank of Latin America and the Caribbean,,,,,transparencia@caf.com,https://www.caf.com,"Torre CAF, Av Luis Roche Altamira, Caracas"
XM-DAC-46008-cfa011065,1,CAF Development bank of Latin America and the Caribbean,,,,,transparencia@caf.com,https://www.caf.com,"Torre CAF, Av Luis Roche Altamira, Caracas"
XM-DAC-46008-cfa010569,1,CAF Development bank of Latin America and the Caribbean,,,,,transparencia@caf.com,https://www.caf.com,"Torre CAF, Av Luis Roche Altamira, Caracas"
XM-DAC-46008-cfa006616,1,CAF Development bank of Latin America and the Caribbean,,,,,transparencia@caf.com,https://www.caf.com,"Torre CAF, Av Luis Roche Altamira, Caracas"
XM-DAC-46008-cfa012644,1,CAF Development bank of Latin America and the Caribbean,,,,,transparencia@caf.com,https://www.caf.com,"Torre CAF, Av Luis Roche Altamira, Caracas"
XM-DAC-46008-cfa012327,1,CAF Development bank of Latin America and the Caribbean,,,,,transparencia@caf.com,https://www.caf.com,"Torre CAF, Av Luis Roche Altamira, Caracas"
XM-DAC-46008-cfa007840,1,CAF Development bank of Latin America and the Caribbean,,,,,transparencia@caf.com,https://www.caf.com,"Torre CAF, Av Luis Roche Altamira, Caracas"
XM-DAC-46008-cfa008759,1,CAF Development bank of Latin America and the Caribbean,,,,,transparencia@caf.com,https://www.caf.com,"Torre CAF, Av Luis Roche Altamira, Caracas"
XM-DAC-46008-cfa011663,1,CAF Development bank of Latin America and the Caribbean,,,,,transparencia@caf.com,https://www.caf.com,"Torre CAF, Av Luis Roche Altamira, Caracas"
XM-DAC-46008-cfa008379,1,CAF Development bank of Latin America and the Caribbean,,,,,transparencia@caf.com,https://www.caf.com,"Torre CAF, Av Luis Roche Altamira, Caracas"
XM-DAC-46008-cfa008086,1,CAF Development bank of Latin America and the Caribbean,,,,,transparencia@caf.com,https://www.caf.com,"Torre CAF, Av Luis Roche Altamira, Caracas"
XM-DAC-46008-cfa012487,1,CAF Development bank of Latin America and the Caribbean,,,,,transparencia@caf.com,https://www.caf.com,"Torre CAF, Av Luis Roche Altamira, Caracas"
XM-DAC-46008-cfa010449,1,CAF Development bank of Latin America and the Caribbean,,,,,transparencia@caf.com,https://www.caf.com,"Torre CAF, Av Luis Roche Altamira, Caracas"
XM-DAC-46008-cfa008717,1,CAF Development bank of Latin America and the Caribbean,,,,,transparencia@caf.com,https://www.caf.com,"Torre CAF, Av Luis Roche Altamira, Caracas"
XM-DAC-46008-cfa012302,1,CAF Development bank of Latin America and the Caribbean,,,,,transparencia@caf.com,https://www.caf.com,"Torre CAF, Av Luis Roche Altamira, Caracas"
XM-DAC-46008-cfa008794,1,CAF Development bank of Latin America and the Caribbean,,,,,transparencia@caf.com,https://www.caf.com,"Torre CAF, Av Luis Roche Altamira, Caracas"
XM-DAC-46008-cfa006029,1,CAF Development bank of Latin America and the Caribbean,,,,,transparencia@caf.com,https://www.caf.com,"Torre CAF, Av Luis Roche Altamira, Caracas"
XM-DAC-46008-cfa012126,1,CAF Development bank of Latin America and the Caribbean,,,,,transparencia@caf.com,https://www.caf.com,"Torre CAF, Av Luis Roche Altamira, Caracas"
XM-DAC-46008-cfa012184,1,CAF Development bank of Latin America and the Caribbean,,,,,transparencia@caf.com,https://www.caf.com,"Torre CAF, Av Luis Roche Altamira, Caracas"
XM-DAC-46008-cfa011904,1,CAF Development bank of Latin America and the Caribbean,,,,,transparencia@caf.com,https://www.caf.com,"Torre CAF, Av Luis Roche Altamira, Caracas"
XM-DAC-46008-cfa007950,1,CAF Development bank of Latin America and the Caribbean,,,,,transparencia@caf.com,https://www.caf.com,"Torre CAF, Av Luis Roche Altamira, Caracas"
XM-DAC-46008-cfa010787,1,CAF Development bank of Latin America and the Caribbean,,,,,transparencia@caf.com,https://www.caf.com,"Torre CAF, Av Luis Roche Altamira, Caracas"
XM-DAC-46008-cfa007860,1,CAF Development bank of Latin America and the Caribbean,,,,,transparencia@caf.com,https://www.caf.com,"Torre CAF, Av Luis Roche Altamira, Caracas"
XM-DAC-46008-cfa011726,1,CAF Development bank of Latin America and the Caribbean,,,,,transparencia@caf.com,https://www.caf.com,"Torre CAF, Av Luis Roche Altamira, Caracas"
XM-DAC-46008-cfa004991,1,CAF Development bank of Latin America and the Caribbean,,,,,transparencia@caf.com,https://www.caf.com,"Torre CAF, Av Luis Roche Altamira, Caracas"
XM-DAC-46008-cfa011799,1,CAF Development bank of Latin America and the Caribbean,,,,,transparencia@caf.com,https://www.caf.com,"Torre CAF, Av Luis Roche Altamira, Caracas"
XM-DAC-46008-cfc011765,1,CAF Development bank of Latin America and the Caribbean,,,,,transparencia@caf.com,https://www.caf.com,"Torre CAF, Av Luis Roche Altamira, Caracas"
XM-DAC-46008-cfa010634,1,CAF Development bank of Latin America and the Caribbean,,,,,transparencia@caf.com,https://www.caf.com,"Torre CAF, Av Luis Roche Altamira, Caracas"
XM-DAC-46008-cfa012629,1,CAF Development bank of Latin America and the Caribbean,,,,,transparencia@caf.com,https://www.caf.com,"Torre CAF, Av Luis Roche Altamira, Caracas"
XM-DAC-46008-cfa010298,1,CAF Development bank of Latin America and the Caribbean,,,,,transparencia@caf.com,https://www.caf.com,"Torre CAF, Av Luis Roche Altamira, Caracas"
XM-DAC-46008-cfa008239,1,CAF Development bank of Latin America and the Caribbean,,,,,transparencia@caf.com,https://www.caf.com,"Torre CAF, Av Luis Roche Altamira, Caracas"
XM-DAC-46008-cfa008793,1,CAF Development bank of Latin America and the Caribbean,,,,,transparencia@caf.com,https://www.caf.com,"Torre CAF, Av Luis Roche Altamira, Caracas"
XM-DAC-46008-cfa011909,1,CAF Development bank of Latin America and the Caribbean,,,,,transparencia@caf.com,https://www.caf.com,"Torre CAF, Av Luis Roche Altamira, Caracas"
XM-DAC-46008-cfa011650,1,CAF Development bank of Latin America and the Caribbean,,,,,transparencia@caf.com,https://www.caf.com,"Torre CAF, Av Luis Roche Altamira, Caracas"
XM-DAC-46008-cfa008491,1,CAF Development bank of Latin America and the Caribbean,,,,,transparencia@caf.com,https://www.caf.com,"Torre CAF, Av Luis Roche Altamira, Caracas"
XM-DAC-46008-cfa005842,1,CAF Development bank of Latin America and the Caribbean,,,,,transparencia@caf.com,https://www.caf.com,"Torre CAF, Av Luis Roche Altamira, Caracas"
XM-DAC-46008-cfa007894,1,CAF Development bank of Latin America and the Caribbean,,,,,transparencia@caf.com,https://www.caf.com,"Torre CAF, Av Luis Roche Altamira, Caracas"
XM-DAC-46008-cfa010454,1,CAF Development bank of Latin America and the Caribbean,,,,,transparencia@caf.com,https://www.caf.com,"Torre CAF, Av Luis Roche Altamira, Caracas"
XM-DAC-46008-cfa011209,1,CAF Development bank of Latin America and the Caribbean,,,,,transparencia@caf.com,https://www.caf.com,"Torre CAF, Av Luis Roche Altamira, Caracas"
XM-DAC-46008-cfa011857,1,CAF Development bank of Latin America and the Caribbean,,,,,transparencia@caf.com,https://www.caf.com,"Torre CAF, Av Luis Roche Altamira, Caracas"
XM-DAC-46008-cfa008814,1,CAF Development bank of Latin America and the Caribbean,,,,,transparencia@caf.com,https://www.caf.com,"Torre CAF, Av Luis Roche Altamira, Caracas"
XM-DAC-46008-cfl0000003786,1,CAF Development bank of Latin America and the Caribbean,,,,,transparencia@caf.com,https://www.caf.com,"Torre CAF, Av Luis Roche Altamira, Caracas"
XM-DAC-46008-cfa011666,1,CAF Development bank of Latin America and the Caribbean,,,,,transparencia@caf.com,https://www.caf.com,"Torre CAF, Av Luis Roche Altamira, Caracas"
XM-DAC-46008-cfa008832,1,CAF Development bank of Latin America and the Caribbean,,,,,transparencia@caf.com,https://www.caf.com,"Torre CAF, Av Luis Roche Altamira, Caracas"
XM-DAC-46008-cfa011865,1,CAF Development bank of Latin America and the Caribbean,,,,,transparencia@caf.com,https://www.caf.com,"Torre CAF, Av Luis Roche Altamira, Caracas"
XM-DAC-46008-cfa010352,1,CAF Development bank of Latin America and the Caribbean,,,,,transparencia@caf.com,https://www.caf.com,"Torre CAF, Av Luis Roche Altamira, Caracas"
XM-DAC-46008-cfa011899,1,CAF Development bank of Latin America and the Caribbean,,,,,transparencia@caf.com,https://www.caf.com,"Torre CAF, Av Luis Roche Altamira, Caracas"
XM-DAC-46008-cfa011375,1,CAF Development bank of Latin America and the Caribbean,,,,,transparencia@caf.com,https://www.caf.com,"Torre CAF, Av Luis Roche Altamira, Caracas"
XM-DAC-46008-cfa007836,1,CAF Development bank of Latin America and the Caribbean,,,,,transparencia@caf.com,https://www.caf.com,"Torre CAF, Av Luis Roche Altamira, Caracas"
XM-DAC-46008-cfa008702,1,CAF Development bank of Latin America and the Caribbean,,,,,transparencia@caf.com,https://www.caf.com,"Torre CAF, Av Luis Roche Altamira, Caracas"
XM-DAC-46008-cfa007142,1,CAF Development bank of Latin America and the Caribbean,,,,,transparencia@caf.com,https://www.caf.com,"Torre CAF, Av Luis Roche Altamira, Caracas"
XM-DAC-46008-cfl0000003946,1,CAF Development bank of Latin America and the Caribbean,,,,,transparencia@caf.com,https://www.caf.com,"Torre CAF, Av Luis Roche Altamira, Caracas"
XM-DAC-46008-cfa004536,1,CAF Development bank of Latin America and the Caribbean,,,,,transparencia@caf.com,https://www.caf.com,"Torre CAF, Av Luis Roche Altamira, Caracas"
XM-DAC-46008-cfa011786,1,CAF Development bank of Latin America and the Caribbean,,,,,transparencia@caf.com,https://www.caf.com,"Torre CAF, Av Luis Roche Altamira, Caracas"
XM-DAC-46008-cfa012479,1,CAF Development bank of Latin America and the Caribbean,,,,,transparencia@caf.com,https://www.caf.com,"Torre CAF, Av Luis Roche Altamira, Caracas"
XM-DAC-46008-cfa010048,1,CAF Development bank of Latin America and the Caribbean,,,,,transparencia@caf.com,https://www.caf.com,"Torre CAF, Av Luis Roche Altamira, Caracas"
XM-DAC-46008-cfa012447,1,CAF Development bank of Latin America and the Caribbean,,,,,transparencia@caf.com,https://www.caf.com,"Torre CAF, Av Luis Roche Altamira, Caracas"
XM-DAC-46008-cfa006966,1,CAF Development bank of Latin America and the Caribbean,,,,,transparencia@caf.com,https://www.caf.com,"Torre CAF, Av Luis Roche Altamira, Caracas"
XM-DAC-46008-cfa008519,1,CAF Development bank of Latin America and the Caribbean,,,,,transparencia@caf.com,https://www.caf.com,"Torre CAF, Av Luis Roche Altamira, Caracas"
XM-DAC-46008-cfa011724,1,CAF Development bank of Latin America and the Caribbean,,,,,transparencia@caf.com,https://www.caf.com,"Torre CAF, Av Luis Roche Altamira, Caracas"
XM-DAC-46008-cfa008606,1,CAF Development bank of Latin America and the Caribbean,,,,,transparencia@caf.com,https://www.caf.com,"Torre CAF, Av Luis Roche Altamira, Caracas"
XM-DAC-46008-cfa007725,1,CAF Development bank of Latin America and the Caribbean,,,,,transparencia@caf.com,https://www.caf.com,"Torre CAF, Av Luis Roche Altamira, Caracas"
XM-DAC-46008-cfa011810,1,CAF Development bank of Latin America and the Caribbean,,,,,transparencia@caf.com,https://www.caf.com,"Torre CAF, Av Luis Roche Altamira, Caracas"
XM-DAC-46008-cfa010094,1,CAF Development bank of Latin America and the Caribbean,,,,,transparencia@caf.com,https://www.caf.com,"Torre CAF, Av Luis Roche Altamira, Caracas"
XM-DAC-46008-cfa004580,1,CAF Development bank of Latin America and the Caribbean,,,,,transparencia@caf.com,https://www.caf.com,"Torre CAF, Av Luis Roche Altamira, Caracas"
XM-DAC-46008-cfa005702,1,CAF Development bank of Latin America and the Caribbean,,,,,transparencia@caf.com,https://www.caf.com,"Torre CAF, Av Luis Roche Altamira, Caracas"
XM-DAC-46008-cfa004990,1,CAF Development bank of Latin America and the Caribbean,,,,,transparencia@caf.com,https://www.caf.com,"Torre CAF, Av Luis Roche Altamira, Caracas"
XM-DAC-46008-cfa008756,1,CAF Development bank of Latin America and the Caribbean,,,,,transparencia@caf.com,https://www.caf.com,"Torre CAF, Av Luis Roche Altamira, Caracas"
XM-DAC-46008-cfa011537,1,CAF Development bank of Latin America and the Caribbean,,,,,transparencia@caf.com,https://www.caf.com,"Torre CAF, Av Luis Roche Altamira, Caracas"
XM-DAC-46008-cfa011688,1,CAF Development bank of Latin America and the Caribbean,,,,,transparencia@caf.com,https://www.caf.com,"Torre CAF, Av Luis Roche Altamira, Caracas"
XM-DAC-46008-cfa008744,1,CAF Development bank of Latin America and the Caribbean,,,,,transparencia@caf.com,https://www.caf.com,"Torre CAF, Av Luis Roche Altamira, Caracas"
XM-DAC-46008-cfa009646,1,CAF Development bank of Latin America and the Caribbean,,,,,transparencia@caf.com,https://www.caf.com,"Torre CAF, Av Luis Roche Altamira, Caracas"
XM-DAC-46008-cfa006959,1,CAF Development bank of Latin America and the Caribbean,,,,,transparencia@caf.com,https://www.caf.com,"Torre CAF, Av Luis Roche Altamira, Caracas"
XM-DAC-46008-cfa011578,1,CAF Development bank of Latin America and the Caribbean,,,,,transparencia@caf.com,https://www.caf.com,"Torre CAF, Av Luis Roche Altamira, Caracas"
XM-DAC-46008-cfa011948,1,CAF Development bank of Latin America and the Caribbean,,,,,transparencia@caf.com,https://www.caf.com,"Torre CAF, Av Luis Roche Altamira, Caracas"
XM-DAC-46008-cfa008640,1,CAF Development bank of Latin America and the Caribbean,,,,,transparencia@caf.com,https://www.caf.com,"Torre CAF, Av Luis Roche Altamira, Caracas"
XM-DAC-46008-cfa012118,1,CAF Development bank of Latin America and the Caribbean,,,,,transparencia@caf.com,https://www.caf.com,"Torre CAF, Av Luis Roche Altamira, Caracas"
XM-DAC-46008-cfa010426,1,CAF Development bank of Latin America and the Caribbean,,,,,transparencia@caf.com,https://www.caf.com,"Torre CAF, Av Luis Roche Altamira, Caracas"
XM-DAC-46008-cfa010515,1,CAF Development bank of Latin America and the Caribbean,,,,,transparencia@caf.com,https://www.caf.com,"Torre CAF, Av Luis Roche Altamira, Caracas"
XM-DAC-46008-cfa008789,1,CAF Development bank of Latin America and the Caribbean,,,,,transparencia@caf.com,https://www.caf.com,"Torre CAF, Av Luis Roche Altamira, Caracas"
XM-DAC-46008-cfa009408,1,CAF Development bank of Latin America and the Caribbean,,,,,transparencia@caf.com,https://www.caf.com,"Torre CAF, Av Luis Roche Altamira, Caracas"
XM-DAC-46008-cfa009929,1,CAF Development bank of Latin America and the Caribbean,,,,,transparencia@caf.com,https://www.caf.com,"Torre CAF, Av Luis Roche Altamira, Caracas"
XM-DAC-46008-cfa009277,1,CAF Development bank of Latin America and the Caribbean,,,,,transparencia@caf.com,https://www.caf.com,"Torre CAF, Av Luis Roche Altamira, Caracas"
XM-DAC-46008-cfa010451,1,CAF Development bank of Latin America and the Caribbean,,,,,transparencia@caf.com,https://www.caf.com,"Torre CAF, Av Luis Roche Altamira, Caracas"
XM-DAC-46008-cfa009629,1,CAF Development bank of Latin America and the Caribbean,,,,,transparencia@caf.com,https://www.caf.com,"Torre CAF, Av Luis Roche Altamira, Caracas"
XM-DAC-46008-cfa008839,1,CAF Development bank of Latin America and the Caribbean,,,,,transparencia@caf.com,https://www.caf.com,"Torre CAF, Av Luis Roche Altamira, Caracas"
XM-DAC-46008-cfa010910,1,CAF Development bank of Latin America and the Caribbean,,,,,transparencia@caf.com,https://www.caf.com,"Torre CAF, Av Luis Roche Altamira, Caracas"
XM-DAC-46008-cfa010170,1,CAF Development bank of Latin America and the Caribbean,,,,,transparencia@caf.com,https://www.caf.com,"Torre CAF, Av Luis Roche Altamira, Caracas"
XM-DAC-46008-cfa011574,1,CAF Development bank of Latin America and the Caribbean,,,,,transparencia@caf.com,https://www.caf.com,"Torre CAF, Av Luis Roche Altamira, Caracas"
XM-DAC-46008-cfa011448,1,CAF Development bank of Latin America and the Caribbean,,,,,transparencia@caf.com,https://www.caf.com,"Torre CAF, Av Luis Roche Altamira, Caracas"
XM-DAC-46008-cfa008340,1,CAF Development bank of Latin America and the Caribbean,,,,,transparencia@caf.com,https://www.caf.com,"Torre CAF, Av Luis Roche Altamira, Caracas"
XM-DAC-46008-cfa011215,1,CAF Development bank of Latin America and the Caribbean,,,,,transparencia@caf.com,https://www.caf.com,"Torre CAF, Av Luis Roche Altamira, Caracas"
XM-DAC-46008-cfa008591,1,CAF Development bank of Latin America and the Caribbean,,,,,transparencia@caf.com,https://www.caf.com,"Torre CAF, Av Luis Roche Altamira, Caracas"
XM-DAC-46008-cfa010917,1,CAF Development bank of Latin America and the Caribbean,,,,,transparencia@caf.com,https://www.caf.com,"Torre CAF, Av Luis Roche Altamira, Caracas"
XM-DAC-46008-cfa010259,1,CAF Development bank of Latin America and the Caribbean,,,,,transparencia@caf.com,https://www.caf.com,"Torre CAF, Av Luis Roche Altamira, Caracas"
XM-DAC-46008-cfa010588,1,CAF Development bank of Latin America and the Caribbean,,,,,transparencia@caf.com,https://www.caf.com,"Torre CAF, Av Luis Roche Altamira, Caracas"
XM-DAC-46008-cfa010574,1,CAF Development bank of Latin America and the Caribbean,,,,,transparencia@caf.com,https://www.caf.com,"Torre CAF, Av Luis Roche Altamira, Caracas"
XM-DAC-46008-cfa008041,1,CAF Development bank of Latin America and the Caribbean,,,,,transparencia@caf.com,https://www.caf.com,"Torre CAF, Av Luis Roche Altamira, Caracas"
XM-DAC-46008-cfa008619,1,CAF Development bank of Latin America and the Caribbean,,,,,transparencia@caf.com,https://www.caf.com,"Torre CAF, Av Luis Roche Altamira, Caracas"
XM-DAC-46008-cfa011583,1,CAF Development bank of Latin America and the Caribbean,,,,,transparencia@caf.com,https://www.caf.com,"Torre CAF, Av Luis Roche Altamira, Caracas"
XM-DAC-46008-cfa011419,1,CAF Development bank of Latin America and the Caribbean,,,,,transparencia@caf.com,https://www.caf.com,"Torre CAF, Av Luis Roche Altamira, Caracas"
XM-DAC-46008-cfa004987,1,CAF Development bank of Latin America and the Caribbean,,,,,transparencia@caf.com,https://www.caf.com,"Torre CAF, Av Luis Roche Altamira, Caracas"
XM-DAC-46008-cfa008237,1,CAF Development bank of Latin America and the Caribbean,,,,,transparencia@caf.com,https://www.caf.com,"Torre CAF, Av Luis Roche Altamira, Caracas"
XM-DAC-46008-cfa011919,1,CAF Development bank of Latin America and the Caribbean,,,,,transparencia@caf.com,https://www.caf.com,"Torre CAF, Av Luis Roche Altamira, Caracas"
XM-DAC-46008-cfa006903,1,CAF Development bank of Latin America and the Caribbean,,,,,transparencia@caf.com,https://www.caf.com,"Torre CAF, Av Luis Roche Altamira, Caracas"
XM-DAC-46008-cfa009211,1,CAF Development bank of Latin America and the Caribbean,,,,,transparencia@caf.com,https://www.caf.com,"Torre CAF, Av Luis Roche Altamira, Caracas"
XM-DAC-46008-cfa010606,1,CAF Development bank of Latin America and the Caribbean,,,,,transparencia@caf.com,https://www.caf.com,"Torre CAF, Av Luis Roche Altamira, Caracas"
XM-DAC-46008-cfa008507,1,CAF Development bank of Latin America and the Caribbean,,,,,transparencia@caf.com,https://www.caf.com,"Torre CAF, Av Luis Roche Altamira, Caracas"
XM-DAC-46008-cfa011367,1,CAF Development bank of Latin America and the Caribbean,,,,,transparencia@caf.com,https://www.caf.com,"Torre CAF, Av Luis Roche Altamira, Caracas"
XM-DAC-46008-cfa011549,1,CAF Development bank of Latin America and the Caribbean,,,,,transparencia@caf.com,https://www.caf.com,"Torre CAF, Av Luis Roche Altamira, Caracas"
XM-DAC-46008-cfa011395,1,CAF Development bank of Latin America and the Caribbean,,,,,transparencia@caf.com,https://www.caf.com,"Torre CAF, Av Luis Roche Altamira, Caracas"
XM-DAC-46008-cfa010869,1,CAF Development bank of Latin America and the Caribbean,,,,,transparencia@caf.com,https://www.caf.com,"Torre CAF, Av Luis Roche Altamira, Caracas"
XM-DAC-46008-cfa009543,1,CAF Development bank of Latin America and the Caribbean,,,,,transparencia@caf.com,https://www.caf.com,"Torre CAF, Av Luis Roche Altamira, Caracas"
XM-DAC-46008-cfa007649,1,CAF Development bank of Latin America and the Caribbean,,,,,transparencia@caf.com,https://www.caf.com,"Torre CAF, Av Luis Roche Altamira, Caracas"
XM-DAC-46008-cfa008586,1,CAF Development bank of Latin America and the Caribbean,,,,,transparencia@caf.com,https://www.caf.com,"Torre CAF, Av Luis Roche Altamira, Caracas"
XM-DAC-46008-cfa011245,1,CAF Development bank of Latin America and the Caribbean,,,,,transparencia@caf.com,https://www.caf.com,"Torre CAF, Av Luis Roche Altamira, Caracas"
XM-DAC-46008-cfa008785,1,CAF Development bank of Latin America and the Caribbean,,,,,transparencia@caf.com,https://www.caf.com,"Torre CAF, Av Luis Roche Altamira, Caracas"
XM-DAC-46008-cfa012483,1,CAF Development bank of Latin America and the Caribbean,,,,,transparencia@caf.com,https://www.caf.com,"Torre CAF, Av Luis Roche Altamira, Caracas"
XM-DAC-46008-cfa011759,1,CAF Development bank of Latin America and the Caribbean,,,,,transparencia@caf.com,https://www.caf.com,"Torre CAF, Av Luis Roche Altamira, Caracas"
XM-DAC-46008-cfa012559,1,CAF Development bank of Latin America and the Caribbean,,,,,transparencia@caf.com,https://www.caf.com,"Torre CAF, Av Luis Roche Altamira, Caracas"
XM-DAC-46008-cfa007151,1,CAF Development bank of Latin America and the Caribbean,,,,,transparencia@caf.com,https://www.caf.com,"Torre CAF, Av Luis Roche Altamira, Caracas"
XM-DAC-46008-cfa011363,1,CAF Development bank of Latin America and the Caribbean,,,,,transparencia@caf.com,https://www.caf.com,"Torre CAF, Av Luis Roche Altamira, Caracas"
XM-DAC-46008-cfa006271,1,CAF Development bank of Latin America and the Caribbean,,,,,transparencia@caf.com,https://www.caf.com,"Torre CAF, Av Luis Roche Altamira, Caracas"
XM-DAC-46008-cfa010666,1,CAF Development bank of Latin America and the Caribbean,,,,,transparencia@caf.com,https://www.caf.com,"Torre CAF, Av Luis Roche Altamira, Caracas"
XM-DAC-46008-cfa011788,1,CAF Development bank of Latin America and the Caribbean,,,,,transparencia@caf.com,https://www.caf.com,"Torre CAF, Av Luis Roche Altamira, Caracas"
XM-DAC-46008-cfa012198,1,CAF Development bank of Latin America and the Caribbean,,,,,transparencia@caf.com,https://www.caf.com,"Torre CAF, Av Luis Roche Altamira, Caracas"
XM-DAC-46008-cfa009691,1,CAF Development bank of Latin America and the Caribbean,,,,,transparencia@caf.com,https://www.caf.com,"Torre CAF, Av Luis Roche Altamira, Caracas"
XM-DAC-46008-cfa009344,1,CAF Development bank of Latin America and the Caribbean,,,,,transparencia@caf.com,https://www.caf.com,"Torre CAF, Av Luis Roche Altamira, Caracas"
XM-DAC-46008-cfa011750,1,CAF Development bank of Latin America and the Caribbean,,,,,transparencia@caf.com,https://www.caf.com,"Torre CAF, Av Luis Roche Altamira, Caracas"
XM-DAC-46008-cfa007996,1,CAF Development bank of Latin America and the Caribbean,,,,,transparencia@caf.com,https://www.caf.com,"Torre CAF, Av Luis Roche Altamira, Caracas"
XM-DAC-46008-cfa009693,1,CAF Development bank of Latin America and the Caribbean,,,,,transparencia@caf.com,https://www.caf.com,"Torre CAF, Av Luis Roche Altamira, Caracas"
XM-DAC-46008-cfa009117,1,CAF Development bank of Latin America and the Caribbean,,,,,transparencia@caf.com,https://www.caf.com,"Torre CAF, Av Luis Roche Altamira, Caracas"
XM-DAC-46008-cfa007657,1,CAF Development bank of Latin America and the Caribbean,,,,,transparencia@caf.com,https://www.caf.com,"Torre CAF, Av Luis Roche Altamira, Caracas"
XM-DAC-46008-cfa011207,1,CAF Development bank of Latin America and the Caribbean,,,,,transparencia@caf.com,https://www.caf.com,"Torre CAF, Av Luis Roche Altamira, Caracas"
XM-DAC-46008-cfa009481,1,CAF Development bank of Latin America and the Caribbean,,,,,transparencia@caf.com,https://www.caf.com,"Torre CAF, Av Luis Roche Altamira, Caracas"
XM-DAC-46008-cfa011387,1,CAF Development bank of Latin America and the Caribbean,,,,,transparencia@caf.com,https://www.caf.com,"Torre CAF, Av Luis Roche Altamira, Caracas"
XM-DAC-46008-cfa011613,1,CAF Development bank of Latin America and the Caribbean,,,,,transparencia@caf.com,https://www.caf.com,"Torre CAF, Av Luis Roche Altamira, Caracas"
XM-DAC-46008-cfa009150,1,CAF Development bank of Latin America and the Caribbean,,,,,transparencia@caf.com,https://www.caf.com,"Torre CAF, Av Luis Roche Altamira, Caracas"
XM-DAC-46008-cfa005802,1,CAF Development bank of Latin America and the Caribbean,,,,,transparencia@caf.com,https://www.caf.com,"Torre CAF, Av Luis Roche Altamira, Caracas"
XM-DAC-46008-cfa009914,1,CAF Development bank of Latin America and the Caribbean,,,,,transparencia@caf.com,https://www.caf.com,"Torre CAF, Av Luis Roche Altamira, Caracas"
XM-DAC-46008-cfa008763,1,CAF Development bank of Latin America and the Caribbean,,,,,transparencia@caf.com,https://www.caf.com,"Torre CAF, Av Luis Roche Altamira, Caracas"
XM-DAC-46008-cfa006536,1,CAF Development bank of Latin America and the Caribbean,,,,,transparencia@caf.com,https://www.caf.com,"Torre CAF, Av Luis Roche Altamira, Caracas"
XM-DAC-46008-cfa012239,1,CAF Development bank of Latin America and the Caribbean,,,,,transparencia@caf.com,https://www.caf.com,"Torre CAF, Av Luis Roche Altamira, Caracas"
XM-DAC-46008-cfa010148,1,CAF Development bank of Latin America and the Caribbean,,,,,transparencia@caf.com,https://www.caf.com,"Torre CAF, Av Luis Roche Altamira, Caracas"
XM-DAC-46008-cfa010546,1,CAF Development bank of Latin America and the Caribbean,,,,,transparencia@caf.com,https://www.caf.com,"Torre CAF, Av Luis Roche Altamira, Caracas"
XM-DAC-46008-cfa011385,1,CAF Development bank of Latin America and the Caribbean,,,,,transparencia@caf.com,https://www.caf.com,"Torre CAF, Av Luis Roche Altamira, Caracas"
XM-DAC-46008-cfa007783,1,CAF Development bank of Latin America and the Caribbean,,,,,transparencia@caf.com,https://www.caf.com,"Torre CAF, Av Luis Roche Altamira, Caracas"
XM-DAC-46008-cfa007788,1,CAF Development bank of Latin America and the Caribbean,,,,,transparencia@caf.com,https://www.caf.com,"Torre CAF, Av Luis Roche Altamira, Caracas"
XM-DAC-46008-cfa011504,1,CAF Development bank of Latin America and the Caribbean,,,,,transparencia@caf.com,https://www.caf.com,"Torre CAF, Av Luis Roche Altamira, Caracas"
XM-DAC-46008-cfa009784,1,CAF Development bank of Latin America and the Caribbean,,,,,transparencia@caf.com,https://www.caf.com,"Torre CAF, Av Luis Roche Altamira, Caracas"
XM-DAC-46008-cfa011831,1,CAF Development bank of Latin America and the Caribbean,,,,,transparencia@caf.com,https://www.caf.com,"Torre CAF, Av Luis Roche Altamira, Caracas"
XM-DAC-46008-cfa011264,1,CAF Development bank of Latin America and the Caribbean,,,,,transparencia@caf.com,https://www.caf.com,"Torre CAF, Av Luis Roche Altamira, Caracas"
XM-DAC-46008-cfa011235,1,CAF Development bank of Latin America and the Caribbean,,,,,transparencia@caf.com,https://www.caf.com,"Torre CAF, Av Luis Roche Altamira, Caracas"
XM-DAC-46008-cfa012636,1,CAF Development bank of Latin America and the Caribbean,,,,,transparencia@caf.com,https://www.caf.com,"Torre CAF, Av Luis Roche Altamira, Caracas"
XM-DAC-46008-cfa009896,1,CAF Development bank of Latin America and the Caribbean,,,,,transparencia@caf.com,https://www.caf.com,"Torre CAF, Av Luis Roche Altamira, Caracas"
XM-DAC-46008-cfa010459,1,CAF Development bank of Latin America and the Caribbean,,,,,transparencia@caf.com,https://www.caf.com,"Torre CAF, Av Luis Roche Altamira, Caracas"
XM-DAC-46008-cfa011250,1,CAF Development bank of Latin America and the Caribbean,,,,,transparencia@caf.com,https://www.caf.com,"Torre CAF, Av Luis Roche Altamira, Caracas"
XM-DAC-46008-cfa008109,1,CAF Development bank of Latin America and the Caribbean,,,,,transparencia@caf.com,https://www.caf.com,"Torre CAF, Av Luis Roche Altamira, Caracas"
XM-DAC-46008-cfa011571,1,CAF Development bank of Latin America and the Caribbean,,,,,transparencia@caf.com,https://www.caf.com,"Torre CAF, Av Luis Roche Altamira, Caracas"
XM-DAC-46008-cfa009883,1,CAF Development bank of Latin America and the Caribbean,,,,,transparencia@caf.com,https://www.caf.com,"Torre CAF, Av Luis Roche Altamira, Caracas"
XM-DAC-46008-cfa011208,1,CAF Development bank of Latin America and the Caribbean,,,,,transparencia@caf.com,https://www.caf.com,"Torre CAF, Av Luis Roche Altamira, Caracas"
XM-DAC-46008-cfa011805,1,CAF Development bank of Latin America and the Caribbean,,,,,transparencia@caf.com,https://www.caf.com,"Torre CAF, Av Luis Roche Altamira, Caracas"
XM-DAC-46008-cfa008711,1,CAF Development bank of Latin America and the Caribbean,,,,,transparencia@caf.com,https://www.caf.com,"Torre CAF, Av Luis Roche Altamira, Caracas"
XM-DAC-46008-cfa012364,1,CAF Development bank of Latin America and the Caribbean,,,,,transparencia@caf.com,https://www.caf.com,"Torre CAF, Av Luis Roche Altamira, Caracas"
XM-DAC-46008-cfa008707,1,CAF Development bank of Latin America and the Caribbean,,,,,transparencia@caf.com,https://www.caf.com,"Torre CAF, Av Luis Roche Altamira, Caracas"
XM-DAC-46008-cfa011243,1,CAF Development bank of Latin America and the Caribbean,,,,,transparencia@caf.com,https://www.caf.com,"Torre CAF, Av Luis Roche Altamira, Caracas"
XM-DAC-46008-cfa012008,1,CAF Development bank of Latin America and the Caribbean,,,,,transparencia@caf.com,https://www.caf.com,"Torre CAF, Av Luis Roche Altamira, Caracas"
XM-DAC-46008-cfa006532,1,CAF Development bank of Latin America and the Caribbean,,,,,transparencia@caf.com,https://www.caf.com,"Torre CAF, Av Luis Roche Altamira, Caracas"
XM-DAC-46008-cfa010602,1,CAF Development bank of Latin America and the Caribbean,,,,,transparencia@caf.com,https://www.caf.com,"Torre CAF, Av Luis Roche Altamira, Caracas"
XM-DAC-46008-cfa008602,1,CAF Development bank of Latin America and the Caribbean,,,,,transparencia@caf.com,https://www.caf.com,"Torre CAF, Av Luis Roche Altamira, Caracas"
XM-DAC-46008-cfa011636,1,CAF Development bank of Latin America and the Caribbean,,,,,transparencia@caf.com,https://www.caf.com,"Torre CAF, Av Luis Roche Altamira, Caracas"
XM-DAC-46008-cfa004515,1,CAF Development bank of Latin America and the Caribbean,,,,,transparencia@caf.com,https://www.caf.com,"Torre CAF, Av Luis Roche Altamira, Caracas"
XM-DAC-46008-cfa010482,1,CAF Development bank of Latin America and the Caribbean,,,,,transparencia@caf.com,https://www.caf.com,"Torre CAF, Av Luis Roche Altamira, Caracas"
XM-DAC-46008-cfa011684,1,CAF Development bank of Latin America and the Caribbean,,,,,transparencia@caf.com,https://www.caf.com,"Torre CAF, Av Luis Roche Altamira, Caracas"
XM-DAC-46008-cfa011854,1,CAF Development bank of Latin America and the Caribbean,,,,,transparencia@caf.com,https://www.caf.com,"Torre CAF, Av Luis Roche Altamira, Caracas"
XM-DAC-46008-cfa011260,1,CAF Development bank of Latin America and the Caribbean,,,,,transparencia@caf.com,https://www.caf.com,"Torre CAF, Av Luis Roche Altamira, Caracas"
XM-DAC-46008-cfa012323,1,CAF Development bank of Latin America and the Caribbean,,,,,transparencia@caf.com,https://www.caf.com,"Torre CAF, Av Luis Roche Altamira, Caracas"
XM-DAC-46008-cfa007943,1,CAF Development bank of Latin America and the Caribbean,,,,,transparencia@caf.com,https://www.caf.com,"Torre CAF, Av Luis Roche Altamira, Caracas"
XM-DAC-46008-cfa004492,1,CAF Development bank of Latin America and the Caribbean,,,,,transparencia@caf.com,https://www.caf.com,"Torre CAF, Av Luis Roche Altamira, Caracas"
XM-DAC-46008-cfa012363,1,CAF Development bank of Latin America and the Caribbean,,,,,transparencia@caf.com,https://www.caf.com,"Torre CAF, Av Luis Roche Altamira, Caracas"
