activity_identifier,url,format,title,tile_lang,description,description_lang,category_code,lenguage_code,document_date
XM-DAC-46007-501105,https://bcie2014.sharepoint.com/sites/DocPub/Doc_Pub/315/CTO 2334 OPD II PANAMÁ EV.pdf,application/pdf,CTO 2334 OPD II PANAMÁ EV,es,Contrato de Prestamo Sector Público con Garantía Soberana y sus correspondientes modificaciones,es,A11,es,2024-06-05
XM-DAC-46007-500717,https://bcie2014.sharepoint.com/:b:/s/DocPub/EftbwcOGUANFkB4VwKXO558BBiYzDm9Is4azbS0VAJEBzQ,application/pdf,2222_NI_ Plan SIEMAS Incremento PuertoCorinto VF,es,Plan SIEMAS ex ante (Categoría A y B1),es,A01,es,2021-06-01
XM-DAC-46007-501111,https://bcie2014.sharepoint.com/sites/DocPub/Doc_Pub/452/2310 Contrato de LCR FOVIAL ES 14AGO2024.pdf,application/pdf,2310 Contrato de LCR FOVIAL ES 14AGO2024,es,Contrato de Línea de Crédito Sector Público con Garantía Soberana y sus correspondientes modificaciones,es,A11,es,2024-08-14
XM-DAC-46007-500669,https://bcie2014.sharepoint.com/sites/DocPub/Doc_Pub/315/Contrato Préstamo 2274 Argentina (Executed 05-10-21).pdf,application/pdf,Contrato Préstamo 2274 Argentina (Executed 05-10-21),es,Contrato de Prestamo Sector Público con Garantía Soberana y sus correspondientes modificaciones,es,A11,es,2021-10-05
XM-DAC-46007-500495,https://bcie2014.sharepoint.com/:b:/s/DocPub/EUNqwHzhtAFKsZzUrS7emJsBFGTJQV5Hm8WHJ6Hz3iFc4g,application/pdf,2266_NI_ Plan SIEMAS BIOCLIMA VF,es,Plan SIEMAS ex ante (Categoría A y B1),es,A01,es,2021-06-01
XM-DAC-46007-501224,https://bcie2014.sharepoint.com/sites/DocPub/Doc_Pub/452/ADENDA 2 CTO LC 2310 14AGOS2024 FOVIAL SV1.pdf,application/pdf,ADENDA 2 CTO LC 2310 14AGOS2024 FOVIAL SV,es,Contrato de Línea de Crédito Sector Público con Garantía Soberana y sus correspondientes modificaciones,es,A11,es,2025-08-22
XM-DAC-46007-500556,https://bcie2014.sharepoint.com/sites/DocPub/Doc_Pub/315/ADENDA 1 CTO PTMO 2252 REPUBLICA COSTA RICA.pdf,application/pdf,ADENDA 1 CTO PTMO 2252 REPUBLICA COSTA RICA,es,Contrato de Prestamo Sector Público con Garantía Soberana y sus correspondientes modificaciones,es,A11,es,2021-12-10
XM-DAC-46007-500889,https://bcie2014.sharepoint.com/sites/DocPub/Doc_Pub/452/CTO LC 2309 CEL SV1.pdf,application/pdf,CTO LC 2309 CEL SV,es,Contrato de Línea de Crédito Sector Público con Garantía Soberana y sus correspondientes modificaciones,es,A11,es,2025-10-16
XM-DAC-46007-501220,https://bcie2014.sharepoint.com/sites/DocPub/Doc_Pub/315/Contrato de Préstamo 2350 Refrendado 8Sep2025.pdf,application/pdf,Contrato de Préstamo 2350,es,Contrato de Prestamo Sector Público con Garantía Soberana y sus correspondientes modificaciones,es,A11,es,2025-09-22
XM-DAC-46007-302270,https://bcie2014.sharepoint.com/sites/DocPub/Doc_Pub/452/CTO PTMO 2101 REPUBLICA DE HONDURAS.pdf,application/pdf,CTO PTMO 2101 REPUBLICA DE HONDURAS,es,Contrato de Línea de Crédito Sector Público con Garantía Soberana y sus correspondientes modificaciones,es,A11,es,2013-02-26
XM-DAC-46007-500761,https://bcie2014.sharepoint.com/sites/DocPub/Doc_Pub/315/CTO PTMO 2288 REPUBLICA DE EL SALVADOR SV.pdf,application/pdf,CTO PTMO 2288 REPUBLICA DE EL SALVADOR SV,es,Contrato de Prestamo Sector Público con Garantía Soberana y sus correspondientes modificaciones,es,A11,es,2021-11-26
XM-DAC-46007-500888,https://bcie2014.sharepoint.com/sites/DocPub/Doc_Pub/452/LC 2310 FOVIAL.pdf,application/pdf,LC 2310 FOVIAL,es,Contrato de Línea de Crédito Sector Público con Garantía Soberana y sus correspondientes modificaciones,es,A11,es,2022-12-09
XM-DAC-46007-500604,https://bcie2014.sharepoint.com/:b:/s/DocPub/EXaoz7V8eZNMoQzh5MSiM2UBus3Y5B0FROGVphgMDtwt9w,application/pdf,CTO PMO 2253 República de El Salvador,es,Contrato de Prestamo Sector Público con Garantía Soberana y sus correspondientes modificaciones,es,A11,es,2021-05-14
XM-DAC-46007-500701,https://bcie2014.sharepoint.com/sites/DocPub/Doc_Pub/452/ADENDA 1 CTO PTMO 2278 - Republica de Nicaragua NI.pdf,application/pdf,ADENDA 1 CTO PTMO 2278 - Republica de Nicaragua NI,es,Contrato de Línea de Crédito Sector Público con Garantía Soberana y sus correspondientes modificaciones,es,A11,es,2021-10-27
XM-DAC-46007-501239,https://bcie2014.sharepoint.com/sites/DocPub/Doc_Pub/315/Contrato firmado y fechado.pdf,application/pdf,Contrato de Préstamo 2355 República Argentina,es,Contrato de Prestamo Sector Público con Garantía Soberana y sus correspondientes modificaciones,es,A11,es,2025-10-01
XM-DAC-46007-500189,https://bcie2014.sharepoint.com/sites/DocPub/Doc_Pub/315/CTO PMTO (2181) Republica de Guatemala.pdf,application/pdf,CTO PMTO (2181) Republica de Guatemala,es,Contrato de Prestamo Sector Público con Garantía Soberana y sus correspondientes modificaciones,es,A11,es,2020-05-20
XM-DAC-46007-301839,https://bcie2014.sharepoint.com/sites/DocPub/Doc_Pub/315/contrato prestamo FTN.pdf,application/pdf,Contrato Prestamo FTN,es,Contrato de Prestamo Sector Público con Garantía Soberana y sus correspondientes modificaciones,es,A11,es,2009-09-11
XM-DAC-46007-500270,https://bcie2014.sharepoint.com/sites/DocPub/Doc_Pub/315/CTO PTMO 2230  Republica de Guatemala firmado .pdf,application/pdf,CTO PTMO 2230  Republica de Guatemala firmado ,es,Contrato de Prestamo Sector Público con Garantía Soberana y sus correspondientes modificaciones,es,A11,es,2025-10-01
XM-DAC-46007-500734,https://bcie2014.sharepoint.com/sites/DocPub/Doc_Pub/315/Contrato Préstamo 2292 (firmado).pdf,application/pdf,Contrato Préstamo 2292 PROBIOCUBA,es,Contrato de Prestamo Sector Público con Garantía Soberana y sus correspondientes modificaciones,es,A11,es,2022-09-23
XM-DAC-46007-500035,https://bcie2014.sharepoint.com/sites/DocPub/Doc_Pub/315/Contrato de Préstamo No. 2161 (firmado).pdf,application/pdf,CTO PMO 2161 ARGENTINA,es,Contrato de Prestamo Sector Público con Garantía Soberana y sus correspondientes modificaciones,es,A11,es,2016-10-21
XM-DAC-46007-500192,https://bcie2014.sharepoint.com/sites/DocPub/Doc_Pub/315/Contrato de Préstamo No. 2193 (Executed 20-02-18).pdf,application/pdf,CTO PMO 2193 ARGENTINA,es,Contrato de Prestamo Sector Público con Garantía Soberana y sus correspondientes modificaciones,es,A11,es,2018-02-20
XM-DAC-46007-500426,https://bcie2014.sharepoint.com/sites/DocPub/Doc_Pub/315/Contrato Préstamo No. 2233 (Signed 110221).pdf,application/pdf,CTO PMO 2233 JUJUY ARGENTINA,es,Contrato de Prestamo Sector Público con Garantía Soberana y sus correspondientes modificaciones,es,A11,es,2021-02-11
XM-DAC-46007-500705,https://bcie2014.sharepoint.com/sites/DocPub/Doc_Pub/315/Contrato Préstamo 2280 Argentina (Executed 28-09-21) (1).pdf,application/pdf,CTO PMO 2280 ARGENTINA,es,Contrato de Prestamo Sector Público con Garantía Soberana y sus correspondientes modificaciones,es,A11,es,2021-09-28
XM-DAC-46007-500258,https://bcie2014.sharepoint.com/sites/DocPub/Doc_Pub/315/BCIE Contrato del Prestamo No. 2215 FIRMADO ambas partes.pdf,application/pdf,CTO PMO 2215 ARGENTINA,es,Contrato de Prestamo Sector Público con Garantía Soberana y sus correspondientes modificaciones,es,A11,es,2020-09-17
XM-DAC-46007-500818,https://bcie2014.sharepoint.com/sites/DocPub/Doc_Pub/315/Contrato Préstamo 2258 Argentina (Executed 24-09-21).pdf,application/pdf,CTO PMO 2258 ARGENTINA,es,Contrato de Prestamo Sector Público con Garantía Soberana y sus correspondientes modificaciones,es,A11,es,2021-09-24
XM-DAC-46007-500271,https://bcie2014.sharepoint.com/sites/DocPub/Doc_Pub/315/Contrato de Préstamo No. 2206_Campus Gorgas firmado por ambas partes.pdf,application/pdf,Contrato de Préstamo No. 2206_Campus Gorgas firmado por ambas partes,es,Contrato de Prestamo Sector Público con Garantía Soberana y sus correspondientes modificaciones,es,A11,es,2018-01-29
XM-DAC-46007-500208,https://bcie2014.sharepoint.com/sites/DocPub/Doc_Pub/315/CTO PMO 2190 SANEAMIENTO PANAMÁ.pdf,application/pdf,CTO PMO 2190 SANEAMIENTO PANAMÁ,es,Contrato de Prestamo Sector Público con Garantía Soberana y sus correspondientes modificaciones,es,A11,es,2017-06-07
XM-DAC-46007-302457,https://bcie2014.sharepoint.com/sites/DocPub/Doc_Pub/315/Contrato de Préstamo 2147  PROGRAMA INTEGRAL DE SEGURIDAD DE BELICE.pdf,application/pdf,Contrato de Préstamo 2147,es,Contrato de Prestamo Sector Público con Garantía Soberana y sus correspondientes modificaciones,es,A11,es,2015-08-21
XM-DAC-46007-500267,https://bcie2014.sharepoint.com/sites/DocPub/Doc_Pub/315/CTO PMO 2198 COSTA RICA.pdf,application/pdf,CTO PMO 2198 COSTA RICA,es,Contrato de Prestamo Sector Público con Garantía Soberana y sus correspondientes modificaciones,es,A11,es,2019-01-07
XM-DAC-46007-500627,https://bcie2014.sharepoint.com/sites/DocPub/Doc_Pub/315/Contrato Préstamo 2273 Ampl Sist Transm Elect NIC Firmado 12 07 21 ECastro 12 07 21.pdf,application/pdf,Contrato de Préstamo 2273 Sector Público con Garantía Soberana,es,Contrato de Prestamo Sector Público con Garantía Soberana y sus correspondientes modificaciones,es,A11,es,2021-07-12
XM-DAC-46007-500627,https://bcie2014.sharepoint.com/sites/DocPub/Doc_Pub/315/Contrato Préstamo 2273 Ampl Sist Transm Elect NIC Firmado 12 07 21.pdf,application/pdf,Contrato Préstamo 2273 Ampl Sist Transm Elect NIC Firmado 12 07 21,es,Contrato de Prestamo Sector Público con Garantía Soberana y sus correspondientes modificaciones,es,A11,es,2021-07-12
XM-DAC-46007-500646,https://bcie2014.sharepoint.com/sites/DocPub/Doc_Pub/315/Contrato Préstamo 2283 Saneamto Lago Mgua Ribera Sur firmado 12 11 21.pdf,application/pdf,Contrato Préstamo 2283 Saneamto Lago Mgua Ribera Sur firmado 12 11 21,es,Contrato de Prestamo Sector Público con Garantía Soberana y sus correspondientes modificaciones,es,A11,es,2025-10-08
XM-DAC-46007-500674,https://bcie2014.sharepoint.com/sites/DocPub/Doc_Pub/315/Contrato Préstamo 2272 A Fortalecimnto Atnción Red Hospitalaria firmado 02 06 21.pdf,application/pdf,Contrato Préstamo 2272 A Fortalecimnto Atnción Red Hospitalaria firmado 02 06 21,es,Contrato de Prestamo Sector Público con Garantía Soberana y sus correspondientes modificaciones,es,A11,es,2021-06-02
XM-DAC-46007-500910,https://bcie2014.sharepoint.com/sites/DocPub/Doc_Pub/315/CTO PTMO 2316 REPUBLICA DE EL SALVADOR SV.pdf,application/pdf,CTO PTMO 2316 REPUBLICA DE EL SALVADOR SV,es,Contrato de Prestamo Sector Público con Garantía Soberana y sus correspondientes modificaciones,es,A11,es,2023-01-05
XM-DAC-46007-500712,https://bcie2014.sharepoint.com/sites/DocPub/Doc_Pub/315/CTO PTMO 2281 FONDO SOCIAL PARA LA VIVIENDA SV.pdf,application/pdf,CTO PTMO 2281 FONDO SOCIAL PARA LA VIVIENDA SV,es,Contrato de Prestamo Sector Público con Garantía Soberana y sus correspondientes modificaciones,es,A11,es,2021-08-26
XM-DAC-46007-500712,https://bcie2014.sharepoint.com/sites/DocPub/Doc_Pub/315/ADENDA 1 CTO PTMO 2281 FONDO SOCIAL PARA LA VIVIENDA SV.pdf,application/pdf,ADENDA 1 CTO PTMO 2281 FONDO SOCIAL PARA LA VIVIENDA SV,es,Contrato de Prestamo Sector Público con Garantía Soberana y sus correspondientes modificaciones,es,A11,es,2023-03-15
XM-DAC-46007-500357,https://bcie2014.sharepoint.com/sites/DocPub/Doc_Pub/315/CTO PTMO 2221 REPUBLICA DE HONDURAS.pdf,application/pdf,CTO PTMO 2221 REPUBLICA DE HONDURAS,es,Contrato de Prestamo Sector Público con Garantía Soberana y sus correspondientes modificaciones,es,A11,es,2018-12-17
XM-DAC-46007-500537,https://bcie2014.sharepoint.com/sites/DocPub/Doc_Pub/315/CTO PTMO 2248-A BANHPROVI HN1.pdf,application/pdf,CTO PTMO 2248-A BANHPROVI HN,es,Contrato de Prestamo Sector Público con Garantía Soberana y sus correspondientes modificaciones,es,A11,es,2020-06-01
XM-DAC-46007-501128,https://bcie2014.sharepoint.com/sites/DocPub/Doc_Pub/315/CTO PTMO 2336 REPUBLICA HONDURAS1.pdf,application/pdf,CTO PTMO 2336 REPUBLICA HONDURAS,es,Contrato de Prestamo Sector Público con Garantía Soberana y sus correspondientes modificaciones,es,A11,es,2025-07-05
XM-DAC-46007-500767,https://bcie2014.sharepoint.com/sites/DocPub/Doc_Pub/315/CTO PTMO 2287 TRAMO A- REPUBLICA HONDURAS2.pdf,application/pdf,CTO PTMO 2287 TRAMO A- REPUBLICA HONDURAS,es,Contrato de Prestamo Sector Público con Garantía Soberana y sus correspondientes modificaciones,es,A11,es,2022-01-08
XM-DAC-46007-500179,https://bcie2014.sharepoint.com/sites/DocPub/Doc_Pub/315/CTO PTMO 2177 REPUBLICA DE HONDURAS1.pdf,application/pdf,CTO PTMO 2177 REPUBLICA DE HONDURAS,es,Contrato de Prestamo Sector Público con Garantía Soberana y sus correspondientes modificaciones,es,A11,es,2017-02-25
XM-DAC-46007-500640,https://bcie2014.sharepoint.com/sites/DocPub/Doc_Pub/315/CTO PTMO 2261 REPUBLICA DE HONDURAS1.pdf,application/pdf,CTO PTMO 2261 REPUBLICA DE HONDURAS,es,Contrato de Prestamo Sector Público con Garantía Soberana y sus correspondientes modificaciones,es,A11,es,2021-07-07
XM-DAC-46007-500446,https://bcie2014.sharepoint.com/sites/DocPub/Doc_Pub/315/CTO PTMO 2239 REPUBLICA DE HONDURAS.pdf,application/pdf,CTO PTMO 2239 REPUBLICA DE HONDURAS,es,Contrato de Prestamo Sector Público con Garantía Soberana y sus correspondientes modificaciones,es,A11,es,2020-06-29
XM-DAC-46007-500749,https://bcie2014.sharepoint.com/sites/DocPub/Doc_Pub/315/Contrato Prestamo 2291 X Programa MTI NIC firmado 13 06 22.pdf,application/pdf,Contrato Prestamo 2291 X Programa MTI NIC firmado 13 06 22,es,Contrato de Prestamo Sector Público con Garantía Soberana y sus correspondientes modificaciones,es,A11,es,2022-06-30
XM-DAC-46007-501148,https://bcie2014.sharepoint.com/sites/DocPub/Doc_Pub/315/CTO 2339 ALIMENTAR III - ARGENTINA fdo 16dic24.pdf,application/pdf,CTO 2339 ALIMENTAR III - ARGENTINA fdo 16dic24,es,Contrato de Prestamo Sector Público con Garantía Soberana y sus correspondientes modificaciones,es,A11,es,2024-12-16
XM-DAC-46007-500818,"https://bcie2014.sharepoint.com/sites/DocPub/Doc_Pub/315/CTO PMO 2301 SEGURIDAD CIUDADANA, ARG.pdf",application/pdf,"CTO PMO 2301 SEGURIDAD CIUDADANA, ARG",es,Contrato de Prestamo Sector Público con Garantía Soberana y sus correspondientes modificaciones,es,A11,es,2024-09-26
XM-DAC-46007-500692,https://bcie2014.sharepoint.com/:b:/s/DocPub/EcTDjXBiMDtMnrIvPqQAVWsB2rzH9zFHx5KCyA4-aIpR-A,application/pdf,Contrato de Préstamo No. 2271,es,Contrato de Prestamo Sector Público con Garantía Soberana y sus correspondientes modificaciones,es,A11,es,2021-06-23
XM-DAC-46007-500845,https://bcie2014.sharepoint.com/sites/DocPub/Doc_Pub/315/BCIE- CONTRATO No. 2302 firmado.pdf,application/pdf,BCIE- CONTRATO No. 2302 firmado,es,Contrato de Prestamo Sector Público con Garantía Soberana y sus correspondientes modificaciones,es,A11,es,2023-02-17
XM-DAC-46007-500834,https://bcie2014.sharepoint.com/sites/DocPub/Doc_Pub/315/Contrato de Préstamo 2295 Español - 1.pdf,application/pdf,Contrato de Préstamo 2295 Español - 1,es,Contrato de Prestamo Sector Público con Garantía Soberana y sus correspondientes modificaciones,es,A11,es,2022-10-22
XM-DAC-46007-500891,https://bcie2014.sharepoint.com/sites/DocPub/Doc_Pub/315/Contrato Préstamo OPD Sector Energético y Acción Climática-firmado.pdf,application/pdf,Contrato Préstamo OPD Sector Energético y Acción Climática-firmado,es,Contrato de Prestamo Sector Público con Garantía Soberana y sus correspondientes modificaciones,es,A11,es,2022-10-25
XM-DAC-46007-500791,https://bcie2014.sharepoint.com/sites/DocPub/Doc_Pub/315/Contrato de Prestamo núm. 2289 firmado -BCIE_opt.pdf,application/pdf,Contrato de Prestamo núm. 2289 firmado -BCIE_opt,es,Contrato de Prestamo Sector Público con Garantía Soberana y sus correspondientes modificaciones,es,A11,es,2022-08-04
XM-DAC-46007-500681,https://bcie2014.sharepoint.com/sites/DocPub/Doc_Pub/315/Contrato de Préstamo No. 2277 (Executed 03-11-21).pdf,application/pdf,Contrato de Préstamo No. 2277 (Executed 03-11-21),es,Contrato de Prestamo Sector Público con Garantía Soberana y sus correspondientes modificaciones,es,A11,es,2021-11-03
XM-DAC-46007-501114,https://bcie2014.sharepoint.com/sites/DocPub/Doc_Pub/315/Contrato Préstamo- TB1 Libramiento El Progreso PCR (firmado 5AGO24).pdf,application/pdf,Contrato Préstamo- TB1 Libramiento El Progreso PCR (firmado 5AGO24),es,Contrato de Prestamo Sector Público con Garantía Soberana y sus correspondientes modificaciones,es,A11,es,2024-08-05
XM-DAC-46007-500860,https://bcie2014.sharepoint.com/sites/DocPub/Doc_Pub/315/CTO PTMO 2306 Los Chorros II.pdf,application/pdf,CTO PTMO 2306 Los Chorros II,es,Contrato de Prestamo Sector Público con Garantía Soberana y sus correspondientes modificaciones,es,A11,es,2022-12-15
XM-DAC-46007-500877,https://bcie2014.sharepoint.com/sites/DocPub/Doc_Pub/315/Contrato Pmo 2315 BCIE Argentina firmado 15dic22.pdf,application/pdf,Contrato Pmo 2315 BCIE Argentina firmado 15dic22,es,Contrato de Prestamo Sector Público con Garantía Soberana y sus correspondientes modificaciones,es,A11,es,2022-12-15
XM-DAC-46007-500890,https://bcie2014.sharepoint.com/sites/DocPub/Doc_Pub/315/Contrato de Préstamo 2313_Casa Amor_Firmado 17abr23.pdf,application/pdf,Contrato de Préstamo 2313_Casa Amor_Firmado 17abr23,es,Contrato de Prestamo Sector Público con Garantía Soberana y sus correspondientes modificaciones,es,A11,es,2023-04-17
XM-DAC-46007-500940,https://bcie2014.sharepoint.com/sites/DocPub/Doc_Pub/315/Contrato de Préstamo No.2322 Programa de Apoyo al Plan Nacional Argentina contra el hambreII firmado.pdf,application/pdf,Contrato de Préstamo No.2322 Programa de Apoyo al Plan Nacional Argentina contra el hambreII firmado,es,Contrato de Prestamo Sector Público con Garantía Soberana y sus correspondientes modificaciones,es,A11,es,2023-03-16
XM-DAC-46007-500832,https://bcie2014.sharepoint.com/sites/DocPub/Doc_Pub/315/Contrato de prestamo 2300.pdf,application/pdf,Contrato de prestamo 2300,es,Contrato de Prestamo Sector Público con Garantía Soberana y sus correspondientes modificaciones,es,A11,es,2023-11-29
XM-DAC-46007-500930,https://bcie2014.sharepoint.com/sites/DocPub/Doc_Pub/315/Contrato No. 2318 BCIE_opt.pdf,application/pdf,Contrato No. 2318 BCIE_opt,es,Contrato de Prestamo Sector Público con Garantía Soberana y sus correspondientes modificaciones,es,A11,es,2023-12-19
XM-DAC-46007-500544,https://bcie2014.sharepoint.com/:b:/s/DocPub/EZax1dIiiglAiuqr4iswc2YBkSz413PMdEAR7TYgUzoMKw,application/pdf,CTO PTMO 2247 REPUBLICA DE EL SALVADOR,es,Contrato de Prestamo Sector Público con Garantía Soberana y sus correspondientes modificaciones,es,A11,es,2021-07-20
XM-DAC-46007-500864,https://bcie2014.sharepoint.com/sites/DocPub/Doc_Pub/315/CTO-PMO 2314 ARGENTINA.pdf,application/pdf,CTO-PMO 2314 ARGENTINA,es,Contrato de Prestamo Sector Público con Garantía Soberana y sus correspondientes modificaciones,es,A11,es,2023-05-09
XM-DAC-46007-500738,https://bcie2014.sharepoint.com/sites/DocPub/Doc_Pub/315/Contrato de Préstamo firmado OPD BCIE_opt.pdf,application/pdf,Contrato de Préstamo firmado OPD BCIE_opt,es,Contrato de Prestamo Sector Público con Garantía Soberana y sus correspondientes modificaciones,es,A11,es,2021-08-09
XM-DAC-46007-500858,https://bcie2014.sharepoint.com/sites/DocPub/Doc_Pub/315/CTO PTMO 2298 - NI.pdf,application/pdf,CTO PTMO 2298 - NI,es,Contrato de Prestamo Sector Público con Garantía Soberana y sus correspondientes modificaciones,es,A11,es,2022-06-29
XM-DAC-46007-500701,https://bcie2014.sharepoint.com/:b:/s/DocPub/ERL0-pQwnwFMp39YSM5KubQBSZFbVefWzPHwiAMJcxjucg,application/pdf,Contrato Prestamo No. 2278 ,es,Contrato de Prestamo Sector Público con Garantía Soberana y sus correspondientes modificaciones,es,A11,es,2021-06-11
XM-DAC-46007-500459,https://bcie2014.sharepoint.com/:b:/s/DocPub/EUSyUdXo9LdJv2kTXUfzKKEBQ0I7O3S0MqBzrsF64t8iBg,application/pdf,CTO PTMO 2240 REPUBLICA DE EL SALVADOR,es,Contrato de Prestamo Sector Público con Garantía Soberana y sus correspondientes modificaciones,es,A11,es,2021-07-12
XM-DAC-46007-500470,https://bcie2014.sharepoint.com/:b:/s/DocPub/EXTDXgTaulJOqhTEESiuHekBXVONpc73r8OIGbiV_M1hcg,application/pdf,CTO PTMO 2243-REPUBLICA DE EL SALVADOR,es,Contrato de Prestamo Sector Público con Garantía Soberana y sus correspondientes modificaciones,es,A11,es,2021-07-09
XM-DAC-46007-500642,https://bcie2014.sharepoint.com/:b:/s/DocPub/Eey8na6YAUVNpSHIG2coAssBtx3rlJ1YxmQhC75b1keggQ,application/pdf,CONTRATO DE PRÉSTAMO 2262 BCIE RNP TRAMO C (2),es,Contrato de Prestamo Sector Público con Garantía Soberana y sus correspondientes modificaciones,es,A11,es,2021-06-30
XM-DAC-46007-500853,https://bcie2014.sharepoint.com/sites/DocPub/Doc_Pub/315/CTO PMO 2296 REPUBLICA DE EL SALVADOR.pdf,application/pdf,CTO PMO 2296 REPUBLICA DE EL SALVADOR,es,Contrato de Prestamo Sector Público con Garantía Soberana y sus correspondientes modificaciones,es,A11,es,2022-08-10
XM-DAC-46007-500338,https://bcie2014.sharepoint.com/sites/DocPub/Doc_Pub/315/CTO PRESTAMO 2220 REPÚBLICA COSTA RICA.pdf,application/pdf,CTO PRESTAMO 2220 REPÚBLICA COSTA RICA,es,Contrato de Prestamo Sector Público con Garantía Soberana y sus correspondientes modificaciones,es,A11,es,2022-05-11
XM-DAC-46007-500497,https://bcie2014.sharepoint.com/:b:/s/DocPub/EYgpLnT_9WpLtT82uyrXPioB18QzrkUmljxkLDU47UtJYg,application/pdf,CTO PTMO 2254 REPUBLICA DE EL SALVADOR,es,Contrato de Prestamo Sector Público con Garantía Soberana y sus correspondientes modificaciones,es,A11,es,2021-07-08
XM-DAC-46007-500717,https://bcie2014.sharepoint.com/sites/DocPub/Doc_Pub/315/ADENDA 1 CTO PTMO 2222 - Republica de Nicaragua NI.pdf,application/pdf,ADENDA 1 CTO PTMO 2222 - Republica de Nicaragua NI,es,Contrato de Prestamo Sector Público con Garantía Soberana y sus correspondientes modificaciones,es,A11,es,2021-07-16
XM-DAC-46007-500684,https://bcie2014.sharepoint.com/sites/DocPub/Doc_Pub/315/CTO PTMO 2270 REPÚBLICA COSTA RICA.pdf,application/pdf,CTO PTMO 2270 REPÚBLICA COSTA RICA,es,Contrato de Prestamo Sector Público con Garantía Soberana y sus correspondientes modificaciones,es,A11,es,2021-10-01
XM-DAC-46007-500422,https://bcie2014.sharepoint.com/sites/DocPub/Doc_Pub/315/Contrato Préstamo 2231 IX Programa Carreteras MTI Firmado 9 10 19.pdf,application/pdf,Contrato Préstamo 2231 IX Programa Carreteras MTI Firmado 9 10 19,es,Contrato de Prestamo Sector Público con Garantía Soberana y sus correspondientes modificaciones,es,A11,es,2019-10-09
XM-DAC-46007-500626,https://bcie2014.sharepoint.com/sites/DocPub/Doc_Pub/315/Contrato Préstamo 2050 PNESER (Adendum IV Tramo C) Firmado 19 02 21.pdf,application/pdf,Contrato Préstamo 2050 PNESER (Adendum IV Tramo C) Firmado 19 02 21,es,Contrato de Prestamo Sector Público con Garantía Soberana y sus correspondientes modificaciones,es,A11,es,2021-02-19
XM-DAC-46007-500248,https://bcie2014.sharepoint.com/sites/DocPub/Doc_Pub/315/Contrato Préstamo 2050 (Adendum II) Firmado.pdf,application/pdf,Contrato Préstamo 2050 (Adendum II) Firmado,es,Contrato de Prestamo Sector Público con Garantía Soberana y sus correspondientes modificaciones,es,A11,es,2017-11-24
XM-DAC-46007-500507,https://bcie2014.sharepoint.com/sites/DocPub/Doc_Pub/315/Contrato Préstamo 2245 PNC Viviendas IS Firmado 18 08 20.pdf,application/pdf,Contrato Préstamo 2245 PNC Viviendas IS Firmado 18 08 20,es,Contrato de Prestamo Sector Público con Garantía Soberana y sus correspondientes modificaciones,es,A11,es,2020-08-18
XM-DAC-46007-500349,https://bcie2014.sharepoint.com/sites/DocPub/Doc_Pub/315/Contrato Préstamo 2222 Mejoramiento Capacidades PCorinto Firmado 18 09 18.pdf,application/pdf,Contrato Préstamo 2222 Mejoramiento Capacidades PCorinto Firmado 18 09 18,es,Contrato de Prestamo Sector Público con Garantía Soberana y sus correspondientes modificaciones,es,A11,es,2018-09-18
XM-DAC-46007-500569,https://bcie2014.sharepoint.com/sites/DocPub/Doc_Pub/315/Contrato Préstamo 2154 (Adendum) Nejapa Nandaime por COVID19 Firmada 11 06 20.pdf,application/pdf,Contrato Préstamo 2154 (Adendum) Nejapa Nandaime por COVID19 Firmada 11 06 20,es,Contrato de Prestamo Sector Público con Garantía Soberana y sus correspondientes modificaciones,es,A11,es,2020-06-11
XM-DAC-46007-500240,https://bcie2014.sharepoint.com/sites/DocPub/Doc_Pub/315/Contrato de Préstamo 2194 ALMA Pista JP II.pdf,application/pdf,Contrato de Préstamo 2194 ALMA Pista JP II,es,Contrato de Prestamo Sector Público con Garantía Soberana y sus correspondientes modificaciones,es,A11,es,2017-06-21
XM-DAC-46007-500316,https://bcie2014.sharepoint.com/sites/DocPub/Doc_Pub/315/Contrato de Préstamo 2211 MTI VII Programa Mejoramto y Ampl de Carreteras.pdf,application/pdf,Contrato de Préstamo 2211 MTI VII Programa Mejoramto y Ampl de Carreteras,es,Contrato de Prestamo Sector Público con Garantía Soberana y sus correspondientes modificaciones,es,A11,es,2018-02-22
XM-DAC-46007-302411,https://bcie2014.sharepoint.com/sites/DocPub/Doc_Pub/315/Contrato de Préstamo 2141 ENACAL firmado.pdf,application/pdf,Contrato de Préstamo 2141 ENACAL firmado,es,Contrato de Prestamo Sector Público con Garantía Soberana y sus correspondientes modificaciones,es,A11,es,2014-11-20
XM-DAC-46007-500645,https://bcie2014.sharepoint.com/sites/DocPub/Doc_Pub/315/Contrato Préstamo 2263 NIC Solidaria Firmado 3 12 20.pdf,application/pdf,Contrato Préstamo 2263 NIC Solidaria Firmado 3 12 20,es,Contrato de Prestamo Sector Público con Garantía Soberana y sus correspondientes modificaciones,es,A11,es,2020-12-03
XM-DAC-46007-500429,https://bcie2014.sharepoint.com/sites/DocPub/Doc_Pub/315/Contrato Préstamo 2236 ENACAL 7 ciudades firmado 09 10 19.pdf,application/pdf,Contrato Préstamo 2236 ENACAL 7 ciudades firmado 09 10 19,es,Contrato de Prestamo Sector Público con Garantía Soberana y sus correspondientes modificaciones,es,A11,es,2019-10-09
XM-DAC-46007-500218,https://bcie2014.sharepoint.com/sites/DocPub/Doc_Pub/315/Contrato Préstamo 2187 PSSEN firmado.pdf,application/pdf,Contrato Préstamo 2187 PSSEN firmado,es,Contrato de Prestamo Sector Público con Garantía Soberana y sus correspondientes modificaciones,es,A11,es,2017-01-27
XM-DAC-46007-501151,https://bcie2014.sharepoint.com/sites/DocPub/Doc_Pub/315/Publicación en La Gaceta- Contrato El Tablón.pdf,application/pdf,Publicación en La Gaceta- Contrato El Tablón,es,Contrato de Prestamo Sector Público con Garantía Soberana y sus correspondientes modificaciones,es,A11,es,2025-02-18
XM-DAC-46007-302441,https://bcie2014.sharepoint.com/sites/DocPub/Doc_Pub/315/Contrato de Préstamo 2145 Hosp Bilwi firmado 23 09 20151.pdf,application/pdf,Contrato de Préstamo 2145 Hosp Bilwi firmado 23 09 2015,es,Contrato de Prestamo Sector Público con Garantía Soberana y sus correspondientes modificaciones,es,A11,es,2015-09-23
XM-DAC-46007-500276,https://bcie2014.sharepoint.com/sites/DocPub/Doc_Pub/315/Contrato Préstamo 2210 Saneamiento Bluefields Firmado 6 04 181.pdf,application/pdf,Contrato Préstamo 2210 Saneamiento Bluefields Firmado 6 04 18,es,Contrato de Prestamo Sector Público con Garantía Soberana y sus correspondientes modificaciones,es,A11,es,2018-04-06
XM-DAC-46007-500739,https://bcie2014.sharepoint.com/sites/DocPubDoc_Pub/315/CTO PTMO 2272 TRAMO B y UKEF - REPUBLICA DE NICARAGUA.pdf,application/pdf,CTO PTMO 2272 TRAMO B y UKEF - REPUBLICA DE NICARAGUA,es,Contrato de Prestamo Sector Público con Garantía Soberana y sus correspondientes modificaciones,es,A11,es,2021-10-05
XM-DAC-46007-500720,https://bcie2014.sharepoint.com/:b:/s/DocPub/EVV9gZxJ0i5OpM0vATA4e44BwbJuscG1uCW491HYYKVjyA,application/pdf,Contrato de Prestamo 2282 BONO,es,Contrato de Prestamo Sector Público con Garantía Soberana y sus correspondientes modificaciones,es,A11,es,2021-08-20
XM-DAC-46007-500845,https://bcie2014.sharepoint.com/sites/DocPub/Doc_Pub/315/BCIE- CONTRATO No. 2302 firmado1.pdf,application/pdf,BCIE- CONTRATO No. 2302 firmado,es,Contrato de Prestamo Sector Público con Garantía Soberana y sus correspondientes modificaciones,es,A11,es,2023-02-17
XM-DAC-46007-500832,https://bcie2014.sharepoint.com/sites/DocPub/Doc_Pub/315/Contrato Préstamo Linea 2C Metro SD signed.pdf,application/pdf,Contrato Préstamo Linea 2C Metro SD signed,es,Contrato de Prestamo Sector Público con Garantía Soberana y sus correspondientes modificaciones,es,A11,es,2022-11-25
XM-DAC-46007-500901,https://bcie2014.sharepoint.com/sites/DocPub/Doc_Pub/315/CTO PTMO 2317 REPÚBLICA COSTA RICA PROERI.pdf,application/pdf,CTO PTMO 2317 REPÚBLICA COSTA RICA PROERI,es,Contrato de Prestamo Sector Público con Garantía Soberana y sus correspondientes modificaciones,es,A11,es,2024-02-28
XM-DAC-46007-501078,https://bcie2014.sharepoint.com/sites/DocPub/Doc_Pub/315/Contrato Préstamo- Carreteras Resilientes (Firmado 14DIC23).pdf,application/pdf,Contrato Préstamo- Carreteras Resilientes (Firmado 14DIC23),es,Contrato de Prestamo Sector Público con Garantía Soberana y sus correspondientes modificaciones,es,A11,es,2023-12-14
XM-DAC-46007-500856,https://bcie2014.sharepoint.com/sites/DocPub/Doc_Pub/315/Contrato Prestamo Programa Crisis Combustibles HN-firmado.pdf,application/pdf,Contrato Prestamo Programa Crisis Combustibles HN-firmado,es,Contrato de Prestamo Sector Público con Garantía Soberana y sus correspondientes modificaciones,es,A11,es,2022-11-10
XM-DAC-46007-500995,https://bcie2014.sharepoint.com/sites/DocPub/Doc_Pub/315/Contrato Préstamo No. 2329 PAHR-HND (firmado 14DIC23).pdf,application/pdf,Contrato Préstamo No. 2329 PAHR-HND (firmado 14DIC23),es,Contrato de Prestamo Sector Público con Garantía Soberana y sus correspondientes modificaciones,es,A11,es,2023-12-14
XM-DAC-46007-302457,https://bcie2014.sharepoint.com/sites/DocPub/Doc_Pub/315/Contrato de Préstamo 2147  PROGRAMA INTEGRAL DE SEGURIDAD DE BELICE1.pdf,application/pdf,Contrato de Préstamo 2147,es,Contrato de Prestamo Sector Público con Garantía Soberana y sus correspondientes modificaciones,es,A11,es,2025-11-21
XM-DAC-46007-501243,https://bcie2014.sharepoint.com/sites/DocPub/Doc_Pub/315/Contrato de Préstamo 2357-A firmado XI Programa MTI.pdf,application/pdf,Contrato de Préstamo 2357-A firmado XI Programa MTI,es,Contrato de Prestamo Sector Público con Garantía Soberana y sus correspondientes modificaciones,es,A11,es,2025-10-15
XM-DAC-46007-500346,https://bcie2014.sharepoint.com/sites/DocPub/Doc_Pub/315/Contrato Préstamo 2228 Mejoramiento Aeropuertos CCaribe Sur Firmado 04 04 19.pdf,application/pdf,Contrato Préstamo 2228 Mejoramiento Aeropuertos CCaribe Sur Firmado 04 04 19,es,Contrato de Prestamo Sector Público con Garantía Soberana y sus correspondientes modificaciones,es,A11,es,2019-04-04
XM-DAC-46007-500397,https://bcie2014.sharepoint.com/sites/DocPub/Doc_Pub/315/Contrato Préstamo 2229 firmado el 04 04 2019.pdf,application/pdf,Contrato Préstamo 2229 firmado el 04 04 2019,es,Contrato de Prestamo Sector Público con Garantía Soberana y sus correspondientes modificaciones,es,A11,es,2019-04-04
XM-DAC-46007-500212,https://bcie2014.sharepoint.com/sites/DocPub/Doc_Pub/315/Contrato Préstamo 2189 NICAVIDA firmado 09 05 17.pdf,application/pdf,Contrato Préstamo 2189 NICAVIDA firmado 09 05 17,es,Contrato de Prestamo Sector Público con Garantía Soberana y sus correspondientes modificaciones,es,A11,es,2017-05-09
XM-DAC-46007-500193,https://bcie2014.sharepoint.com/sites/DocPub/Doc_Pub/315/Contrato de Préstamo 2182 MTI VI Proyecto firmado.pdf,application/pdf,Contrato de Préstamo 2182 MTI VI Proyecto firmado,es,Contrato de Prestamo Sector Público con Garantía Soberana y sus correspondientes modificaciones,es,A11,es,2016-11-01
XM-DAC-46007-500451,https://bcie2014.sharepoint.com/sites/DocPub/Doc_Pub/315/CTO PTMO 2237 REPUBLICA DE EL SALVADOR SV1.pdf,application/pdf,CTO PTMO 2237 REPUBLICA DE EL SALVADOR SV,es,Contrato de Prestamo Sector Público con Garantía Soberana y sus correspondientes modificaciones,es,A11,es,2025-11-25
XM-DAC-46007-500451,https://bcie2014.sharepoint.com/sites/DocPub/Doc_Pub/315/ADENDA 1 CTO PTMO 2237 REPUBLICA DE EL SALVADOR SV1.pdf,application/pdf,ADENDA 1 CTO PTMO 2237 REPUBLICA DE EL SALVADOR SV,es,Contrato de Prestamo Sector Público con Garantía Soberana y sus correspondientes modificaciones,es,A11,es,2023-07-12
XM-DAC-46007-302349,https://bcie2014.sharepoint.com/sites/DocPub/Doc_Pub/315/CTO PTMO 2120 REPUBLICA DE EL SALVADOR SV1.pdf,application/pdf,CTO PTMO 2120 REPUBLICA DE EL SALVADOR SV,es,Contrato de Prestamo Sector Público con Garantía Soberana y sus correspondientes modificaciones,es,A11,es,2015-09-17
XM-DAC-46007-302349,https://bcie2014.sharepoint.com/sites/DocPub/Doc_Pub/315/ADENDA 1 CTO PTMO 2120 REPUBLICA DE EL SALVADOR SV1.pdf,application/pdf,ADENDA 1 CTO PTMO 2120 REPUBLICA DE EL SALVADOR SV,es,Contrato de Prestamo Sector Público con Garantía Soberana y sus correspondientes modificaciones,es,A11,es,2023-07-12
XM-DAC-46007-302253,https://bcie2014.sharepoint.com/sites/DocPub/Doc_Pub/315/CTO PTMO 2102 REPUBLICA DE EL SALVADOR SV.pdf,application/pdf,CTO PTMO 2102 REPUBLICA DE EL SALVADOR SV,es,Contrato de Prestamo Sector Público con Garantía Soberana y sus correspondientes modificaciones,es,A11,es,2013-10-08
XM-DAC-46007-302253,https://bcie2014.sharepoint.com/sites/DocPub/Doc_Pub/315/ADENDA 1 CTO PTMO 2102 ES1.pdf,application/pdf,ADENDA 1 CTO PTMO 2102 ES,es,Contrato de Prestamo Sector Público con Garantía Soberana y sus correspondientes modificaciones,es,A11,es,2023-07-12
XM-DAC-46007-302443,https://bcie2014.sharepoint.com/sites/DocPub/Doc_Pub/315/CTO PTMO 2146 REPUBLICA DE EL SALVADOR FGR SV.pdf,application/pdf,CTO PTMO 2146 REPUBLICA DE EL SALVADOR FGR SV,es,Contrato de Prestamo Sector Público con Garantía Soberana y sus correspondientes modificaciones,es,A11,es,2015-04-30
XM-DAC-46007-302443,https://bcie2014.sharepoint.com/sites/DocPub/Doc_Pub/315/ADENDA 1 2146 REPUBLICA DE EL SALVADOR FSV.pdf,application/pdf,ADENDA 1 2146 REPUBLICA DE EL SALVADOR FSV,es,Contrato de Prestamo Sector Público con Garantía Soberana y sus correspondientes modificaciones,es,A11,es,2023-07-12
XM-DAC-46007-500634,https://bcie2014.sharepoint.com/sites/DocPub/Doc_Pub/315/CTO PTMO 2256 REPUBLICA DE EL SALVADOR SV.pdf,application/pdf,CTO PTMO 2256 REPUBLICA DE EL SALVADOR SV,es,Contrato de Prestamo Sector Público con Garantía Soberana y sus correspondientes modificaciones,es,A11,es,2021-08-19
XM-DAC-46007-500634,https://bcie2014.sharepoint.com/sites/DocPub/Doc_Pub/315/ADENDA 1 CTO PTMO 2256 REPUBLICA DE EL SALVADOR SV1.pdf,application/pdf,ADENDA 1 CTO PTMO 2256 REPUBLICA DE EL SALVADOR SV,es,Contrato de Prestamo Sector Público con Garantía Soberana y sus correspondientes modificaciones,es,A11,es,2023-07-12
XM-DAC-46007-501138,https://bcie2014.sharepoint.com/sites/DocPub/Doc_Pub/315/CTO PTMO No. 2337 REPUBLICA DE EL SALVADOR.pdf,application/pdf,CTO PTMO No. 2337 REPUBLICA DE EL SALVADOR,es,Contrato de Prestamo Sector Público con Garantía Soberana y sus correspondientes modificaciones,es,A11,es,2025-03-25
XM-DAC-46007-501079,https://bcie2014.sharepoint.com/sites/DocPub/Doc_Pub/315/Contrato Préstamo No. 2332 Agroindustria y Cajas Rurales (firmado 14DIC23).pdf,application/pdf,Contrato Préstamo No. 2332 Agroindustria y Cajas Rurales (firmado 14DIC23),es,Contrato de Prestamo Sector Público con Garantía Soberana y sus correspondientes modificaciones,es,A11,es,2023-12-14
XM-DAC-46007-501080,https://bcie2014.sharepoint.com/sites/DocPub/Doc_Pub/315/BCIE -CONTRATO No. 2331.pdf,application/pdf,BCIE -CONTRATO No. 2331,es,Contrato de Prestamo Sector Público con Garantía Soberana y sus correspondientes modificaciones,es,A11,es,2024-04-25
XM-DAC-46007-501142,https://bcie2014.sharepoint.com/sites/DocPub/Doc_Pub/315/Contrato de Préstamo 2338 firmado 10 03 25 RLindo 11 03 25.pdf,application/pdf,Contrato de Préstamo 2338 firmado ,es,Contrato de Prestamo Sector Público con Garantía Soberana y sus correspondientes modificaciones,es,A11,es,2025-03-10
