activity_identifier,contact_type,organisation,organisation_lang,department,department_lang,person_name,person_name_lang,person_name_present,job_title,job_title_lang,telephone,email,email_present,website,mailing_address,mailing_address_lang
XM-DAC-46007-501247,1,Banco Centroamericano de Integración Económica,es,,,,,,,,(+504)2240-2243,accesinfo@bcie.org,1,https://www.bche.org/contactenos,"Edificio Sede BCIE, Boulevard Suyapa, Tegucigalpa, Honduras",es
XM-DAC-46007-500681,1,Banco Centroamericano de Integración Económica,es,,,,,,,,(+504)2240-2243,accesinfo@bcie.org,1,https://www.bche.org/contactenos,"Edificio Sede BCIE, Boulevard Suyapa, Tegucigalpa, Honduras",es
XM-DAC-46007-501142,1,Banco Centroamericano de Integración Económica,es,,,,,,,,(+504)2240-2243,accesinfo@bcie.org,1,https://www.bche.org/contactenos,"Edificio Sede BCIE, Boulevard Suyapa, Tegucigalpa, Honduras",es
XM-DAC-46007-500701,1,Banco Centroamericano de Integración Económica,es,,,,,,,,(+504)2240-2243,accesinfo@bcie.org,1,https://www.bche.org/contactenos,"Edificio Sede BCIE, Boulevard Suyapa, Tegucigalpa, Honduras",es
XM-DAC-46007-500627,1,Banco Centroamericano de Integración Económica,es,,,,,,,,(+504)2240-2243,accesinfo@bcie.org,1,https://www.bche.org/contactenos,"Edificio Sede BCIE, Boulevard Suyapa, Tegucigalpa, Honduras",es
XM-DAC-46007-500248,1,Banco Centroamericano de Integración Económica,es,,,,,,,,(+504)2240-2243,accesinfo@bcie.org,1,https://www.bche.org/contactenos,"Edificio Sede BCIE, Boulevard Suyapa, Tegucigalpa, Honduras",es
XM-DAC-46007-302441,1,Banco Centroamericano de Integración Económica,es,,,,,,,,(+504)2240-2243,accesinfo@bcie.org,1,https://www.bche.org/contactenos,"Edificio Sede BCIE, Boulevard Suyapa, Tegucigalpa, Honduras",es
XM-DAC-46007-501149,1,Banco Centroamericano de Integración Económica,es,,,,,,,,(+504)2240-2243,accesinfo@bcie.org,1,https://www.bche.org/contactenos,"Edificio Sede BCIE, Boulevard Suyapa, Tegucigalpa, Honduras",es
XM-DAC-46007-501140,1,Banco Centroamericano de Integración Económica,es,,,,,,,,(+504)2240-2243,accesinfo@bcie.org,1,https://www.bche.org/contactenos,"Edificio Sede BCIE, Boulevard Suyapa, Tegucigalpa, Honduras",es
XM-DAC-46007-500426,1,Banco Centroamericano de Integración Económica,es,,,,,,,,(+504)2240-2243,accesinfo@bcie.org,1,https://www.bche.org/contactenos,"Edificio Sede BCIE, Boulevard Suyapa, Tegucigalpa, Honduras",es
XM-DAC-46007-500346,1,Banco Centroamericano de Integración Económica,es,,,,,,,,(+504)2240-2243,accesinfo@bcie.org,1,https://www.bche.org/contactenos,"Edificio Sede BCIE, Boulevard Suyapa, Tegucigalpa, Honduras",es
XM-DAC-46007-500397,1,Banco Centroamericano de Integración Económica,es,,,,,,,,(+504)2240-2243,accesinfo@bcie.org,1,https://www.bche.org/contactenos,"Edificio Sede BCIE, Boulevard Suyapa, Tegucigalpa, Honduras",es
XM-DAC-46007-500446,1,Banco Centroamericano de Integración Económica,es,,,,,,,,(+504)2240-2243,accesinfo@bcie.org,1,https://www.bche.org/contactenos,"Edificio Sede BCIE, Boulevard Suyapa, Tegucigalpa, Honduras",es
XM-DAC-46007-501128,1,Banco Centroamericano de Integración Económica,es,,,,,,,,(+504)2240-2243,accesinfo@bcie.org,1,https://www.bche.org/contactenos,"Edificio Sede BCIE, Boulevard Suyapa, Tegucigalpa, Honduras",es
XM-DAC-46007-500193,1,Banco Centroamericano de Integración Económica,es,,,,,,,,(+504)2240-2243,accesinfo@bcie.org,1,https://www.bche.org/contactenos,"Edificio Sede BCIE, Boulevard Suyapa, Tegucigalpa, Honduras",es
XM-DAC-46007-500569,1,Banco Centroamericano de Integración Económica,es,,,,,,,,(+504)2240-2243,accesinfo@bcie.org,1,https://www.bche.org/contactenos,"Edificio Sede BCIE, Boulevard Suyapa, Tegucigalpa, Honduras",es
XM-DAC-46007-500940,1,Banco Centroamericano de Integración Económica,es,,,,,,,,(+504)2240-2243,accesinfo@bcie.org,1,https://www.bche.org/contactenos,"Edificio Sede BCIE, Boulevard Suyapa, Tegucigalpa, Honduras",es
XM-DAC-46007-500240,1,Banco Centroamericano de Integración Económica,es,,,,,,,,(+504)2240-2243,accesinfo@bcie.org,1,https://www.bche.org/contactenos,"Edificio Sede BCIE, Boulevard Suyapa, Tegucigalpa, Honduras",es
XM-DAC-46007-500818,1,Banco Centroamericano de Integración Económica,es,,,,,,,,(+504)2240-2243,accesinfo@bcie.org,1,https://www.bche.org/contactenos,"Edificio Sede BCIE, Boulevard Suyapa, Tegucigalpa, Honduras",es
XM-DAC-46007-500930,1,Banco Centroamericano de Integración Económica,es,,,,,,,,(+504)2240-2243,accesinfo@bcie.org,1,https://www.bche.org/contactenos,"Edificio Sede BCIE, Boulevard Suyapa, Tegucigalpa, Honduras",es
XM-DAC-46007-500316,1,Banco Centroamericano de Integración Económica,es,,,,,,,,(+504)2240-2243,accesinfo@bcie.org,1,https://www.bche.org/contactenos,"Edificio Sede BCIE, Boulevard Suyapa, Tegucigalpa, Honduras",es
XM-DAC-46007-500271,1,Banco Centroamericano de Integración Económica,es,,,,,,,,(+504)2240-2243,accesinfo@bcie.org,1,https://www.bche.org/contactenos,"Edificio Sede BCIE, Boulevard Suyapa, Tegucigalpa, Honduras",es
XM-DAC-46007-500192,1,Banco Centroamericano de Integración Económica,es,,,,,,,,(+504)2240-2243,accesinfo@bcie.org,1,https://www.bche.org/contactenos,"Edificio Sede BCIE, Boulevard Suyapa, Tegucigalpa, Honduras",es
XM-DAC-46007-500860,1,Banco Centroamericano de Integración Económica,es,,,,,,,,(+504)2240-2243,accesinfo@bcie.org,1,https://www.bche.org/contactenos,"Edificio Sede BCIE, Boulevard Suyapa, Tegucigalpa, Honduras",es
XM-DAC-46007-501226,1,Banco Centroamericano de Integración Económica,es,,,,,,,,(+504)2240-2243,accesinfo@bcie.org,1,https://www.bche.org/contactenos,"Edificio Sede BCIE, Boulevard Suyapa, Tegucigalpa, Honduras",es
XM-DAC-46007-500035,1,Banco Centroamericano de Integración Económica,es,,,,,,,,(+504)2240-2243,accesinfo@bcie.org,1,https://www.bche.org/contactenos,"Edificio Sede BCIE, Boulevard Suyapa, Tegucigalpa, Honduras",es
XM-DAC-46007-500669,1,Banco Centroamericano de Integración Económica,es,,,,,,,,(+504)2240-2243,accesinfo@bcie.org,1,https://www.bche.org/contactenos,"Edificio Sede BCIE, Boulevard Suyapa, Tegucigalpa, Honduras",es
XM-DAC-46007-500864,1,Banco Centroamericano de Integración Económica,es,,,,,,,,(+504)2240-2243,accesinfo@bcie.org,1,https://www.bche.org/contactenos,"Edificio Sede BCIE, Boulevard Suyapa, Tegucigalpa, Honduras",es
XM-DAC-46007-500470,1,Banco Centroamericano de Integración Económica,es,,,,,,,,(+504)2240-2243,accesinfo@bcie.org,1,https://www.bche.org/contactenos,"Edificio Sede BCIE, Boulevard Suyapa, Tegucigalpa, Honduras",es
XM-DAC-46007-500832,1,Banco Centroamericano de Integración Económica,es,,,,,,,,(+504)2240-2243,accesinfo@bcie.org,1,https://www.bche.org/contactenos,"Edificio Sede BCIE, Boulevard Suyapa, Tegucigalpa, Honduras",es
XM-DAC-46007-501217,1,Banco Centroamericano de Integración Económica,es,,,,,,,,(+504)2240-2243,accesinfo@bcie.org,1,https://www.bche.org/contactenos,"Edificio Sede BCIE, Boulevard Suyapa, Tegucigalpa, Honduras",es
XM-DAC-46007-501218,1,Banco Centroamericano de Integración Económica,es,,,,,,,,(+504)2240-2243,accesinfo@bcie.org,1,https://www.bche.org/contactenos,"Edificio Sede BCIE, Boulevard Suyapa, Tegucigalpa, Honduras",es
XM-DAC-46007-500270,1,Banco Centroamericano de Integración Económica,es,,,,,,,,(+504)2240-2243,accesinfo@bcie.org,1,https://www.bche.org/contactenos,"Edificio Sede BCIE, Boulevard Suyapa, Tegucigalpa, Honduras",es
XM-DAC-46007-500749,1,Banco Centroamericano de Integración Económica,es,,,,,,,,(+504)2240-2243,accesinfo@bcie.org,1,https://www.bche.org/contactenos,"Edificio Sede BCIE, Boulevard Suyapa, Tegucigalpa, Honduras",es
XM-DAC-46007-500634,1,Banco Centroamericano de Integración Económica,es,,,,,,,,(+504)2240-2243,accesinfo@bcie.org,1,https://www.bche.org/contactenos,"Edificio Sede BCIE, Boulevard Suyapa, Tegucigalpa, Honduras",es
XM-DAC-46007-501239,1,Banco Centroamericano de Integración Económica,es,,,,,,,,(+504)2240-2243,accesinfo@bcie.org,1,https://www.bche.org/contactenos,"Edificio Sede BCIE, Boulevard Suyapa, Tegucigalpa, Honduras",es
XM-DAC-46007-500901,1,Banco Centroamericano de Integración Económica,es,,,,,,,,(+504)2240-2243,accesinfo@bcie.org,1,https://www.bche.org/contactenos,"Edificio Sede BCIE, Boulevard Suyapa, Tegucigalpa, Honduras",es
XM-DAC-46007-302411,1,Banco Centroamericano de Integración Económica,es,,,,,,,,(+504)2240-2243,accesinfo@bcie.org,1,https://www.bche.org/contactenos,"Edificio Sede BCIE, Boulevard Suyapa, Tegucigalpa, Honduras",es
XM-DAC-46007-501114,1,Banco Centroamericano de Integración Económica,es,,,,,,,,(+504)2240-2243,accesinfo@bcie.org,1,https://www.bche.org/contactenos,"Edificio Sede BCIE, Boulevard Suyapa, Tegucigalpa, Honduras",es
XM-DAC-46007-500436,1,Banco Centroamericano de Integración Económica,es,,,,,,,,(+504)2240-2243,accesinfo@bcie.org,1,https://www.bche.org/contactenos,"Edificio Sede BCIE, Boulevard Suyapa, Tegucigalpa, Honduras",es
XM-DAC-46007-500179,1,Banco Centroamericano de Integración Económica,es,,,,,,,,(+504)2240-2243,accesinfo@bcie.org,1,https://www.bche.org/contactenos,"Edificio Sede BCIE, Boulevard Suyapa, Tegucigalpa, Honduras",es
XM-DAC-46007-501159,1,Banco Centroamericano de Integración Económica,es,,,,,,,,(+504)2240-2243,accesinfo@bcie.org,1,https://www.bche.org/contactenos,"Edificio Sede BCIE, Boulevard Suyapa, Tegucigalpa, Honduras",es
XM-DAC-46007-500276,1,Banco Centroamericano de Integración Económica,es,,,,,,,,(+504)2240-2243,accesinfo@bcie.org,1,https://www.bche.org/contactenos,"Edificio Sede BCIE, Boulevard Suyapa, Tegucigalpa, Honduras",es
XM-DAC-46007-500349,1,Banco Centroamericano de Integración Económica,es,,,,,,,,(+504)2240-2243,accesinfo@bcie.org,1,https://www.bche.org/contactenos,"Edificio Sede BCIE, Boulevard Suyapa, Tegucigalpa, Honduras",es
XM-DAC-46007-500744,1,Banco Centroamericano de Integración Económica,es,,,,,,,,(+504)2240-2243,accesinfo@bcie.org,1,https://www.bche.org/contactenos,"Edificio Sede BCIE, Boulevard Suyapa, Tegucigalpa, Honduras",es
XM-DAC-46007-500834,1,Banco Centroamericano de Integración Económica,es,,,,,,,,(+504)2240-2243,accesinfo@bcie.org,1,https://www.bche.org/contactenos,"Edificio Sede BCIE, Boulevard Suyapa, Tegucigalpa, Honduras",es
XM-DAC-46007-500537,1,Banco Centroamericano de Integración Económica,es,,,,,,,,(+504)2240-2243,accesinfo@bcie.org,1,https://www.bche.org/contactenos,"Edificio Sede BCIE, Boulevard Suyapa, Tegucigalpa, Honduras",es
XM-DAC-46007-302457,1,Banco Centroamericano de Integración Económica,es,,,,,,,,(+504)2240-2243,accesinfo@bcie.org,1,https://www.bche.org/contactenos,"Edificio Sede BCIE, Boulevard Suyapa, Tegucigalpa, Honduras",es
XM-DAC-46007-500022,1,Banco Centroamericano de Integración Económica,es,,,,,,,,(+504)2240-2243,accesinfo@bcie.org,1,https://www.bche.org/contactenos,"Edificio Sede BCIE, Boulevard Suyapa, Tegucigalpa, Honduras",es
XM-DAC-46007-501243,1,Banco Centroamericano de Integración Económica,es,,,,,,,,(+504)2240-2243,accesinfo@bcie.org,1,https://www.bche.org/contactenos,"Edificio Sede BCIE, Boulevard Suyapa, Tegucigalpa, Honduras",es
XM-DAC-46007-500213,1,Banco Centroamericano de Integración Económica,es,,,,,,,,(+504)2240-2243,accesinfo@bcie.org,1,https://www.bche.org/contactenos,"Edificio Sede BCIE, Boulevard Suyapa, Tegucigalpa, Honduras",es
XM-DAC-46007-501271,1,Banco Centroamericano de Integración Económica,es,,,,,,,,(+504)2240-2243,accesinfo@bcie.org,1,https://www.bche.org/contactenos,"Edificio Sede BCIE, Boulevard Suyapa, Tegucigalpa, Honduras",es
XM-DAC-46007-500995,1,Banco Centroamericano de Integración Económica,es,,,,,,,,(+504)2240-2243,accesinfo@bcie.org,1,https://www.bche.org/contactenos,"Edificio Sede BCIE, Boulevard Suyapa, Tegucigalpa, Honduras",es
XM-DAC-46007-500258,1,Banco Centroamericano de Integración Económica,es,,,,,,,,(+504)2240-2243,accesinfo@bcie.org,1,https://www.bche.org/contactenos,"Edificio Sede BCIE, Boulevard Suyapa, Tegucigalpa, Honduras",es
XM-DAC-46007-500218,1,Banco Centroamericano de Integración Económica,es,,,,,,,,(+504)2240-2243,accesinfo@bcie.org,1,https://www.bche.org/contactenos,"Edificio Sede BCIE, Boulevard Suyapa, Tegucigalpa, Honduras",es
XM-DAC-46007-500626,1,Banco Centroamericano de Integración Económica,es,,,,,,,,(+504)2240-2243,accesinfo@bcie.org,1,https://www.bche.org/contactenos,"Edificio Sede BCIE, Boulevard Suyapa, Tegucigalpa, Honduras",es
XM-DAC-46007-500705,1,Banco Centroamericano de Integración Económica,es,,,,,,,,(+504)2240-2243,accesinfo@bcie.org,1,https://www.bche.org/contactenos,"Edificio Sede BCIE, Boulevard Suyapa, Tegucigalpa, Honduras",es
XM-DAC-46007-500267,1,Banco Centroamericano de Integración Económica,es,,,,,,,,(+504)2240-2243,accesinfo@bcie.org,1,https://www.bche.org/contactenos,"Edificio Sede BCIE, Boulevard Suyapa, Tegucigalpa, Honduras",es
XM-DAC-46007-500646,1,Banco Centroamericano de Integración Económica,es,,,,,,,,(+504)2240-2243,accesinfo@bcie.org,1,https://www.bche.org/contactenos,"Edificio Sede BCIE, Boulevard Suyapa, Tegucigalpa, Honduras",es
XM-DAC-46007-501108,1,Banco Centroamericano de Integración Económica,es,,,,,,,,(+504)2240-2243,accesinfo@bcie.org,1,https://www.bche.org/contactenos,"Edificio Sede BCIE, Boulevard Suyapa, Tegucigalpa, Honduras",es
XM-DAC-46007-501079,1,Banco Centroamericano de Integración Económica,es,,,,,,,,(+504)2240-2243,accesinfo@bcie.org,1,https://www.bche.org/contactenos,"Edificio Sede BCIE, Boulevard Suyapa, Tegucigalpa, Honduras",es
XM-DAC-46007-501078,1,Banco Centroamericano de Integración Económica,es,,,,,,,,(+504)2240-2243,accesinfo@bcie.org,1,https://www.bche.org/contactenos,"Edificio Sede BCIE, Boulevard Suyapa, Tegucigalpa, Honduras",es
XM-DAC-46007-500451,1,Banco Centroamericano de Integración Económica,es,,,,,,,,(+504)2240-2243,accesinfo@bcie.org,1,https://www.bche.org/contactenos,"Edificio Sede BCIE, Boulevard Suyapa, Tegucigalpa, Honduras",es
XM-DAC-46007-500437,1,Banco Centroamericano de Integración Económica,es,,,,,,,,(+504)2240-2243,accesinfo@bcie.org,1,https://www.bche.org/contactenos,"Edificio Sede BCIE, Boulevard Suyapa, Tegucigalpa, Honduras",es
XM-DAC-46007-500357,1,Banco Centroamericano de Integración Económica,es,,,,,,,,(+504)2240-2243,accesinfo@bcie.org,1,https://www.bche.org/contactenos,"Edificio Sede BCIE, Boulevard Suyapa, Tegucigalpa, Honduras",es
XM-DAC-46007-501238,1,Banco Centroamericano de Integración Económica,es,,,,,,,,(+504)2240-2243,accesinfo@bcie.org,1,https://www.bche.org/contactenos,"Edificio Sede BCIE, Boulevard Suyapa, Tegucigalpa, Honduras",es
XM-DAC-46007-500459,1,Banco Centroamericano de Integración Económica,es,,,,,,,,(+504)2240-2243,accesinfo@bcie.org,1,https://www.bche.org/contactenos,"Edificio Sede BCIE, Boulevard Suyapa, Tegucigalpa, Honduras",es
XM-DAC-46007-501220,1,Banco Centroamericano de Integración Económica,es,,,,,,,,(+504)2240-2243,accesinfo@bcie.org,1,https://www.bche.org/contactenos,"Edificio Sede BCIE, Boulevard Suyapa, Tegucigalpa, Honduras",es
XM-DAC-46007-500507,1,Banco Centroamericano de Integración Económica,es,,,,,,,,(+504)2240-2243,accesinfo@bcie.org,1,https://www.bche.org/contactenos,"Edificio Sede BCIE, Boulevard Suyapa, Tegucigalpa, Honduras",es
XM-DAC-46007-500636,1,Banco Centroamericano de Integración Económica,es,,,,,,,,(+504)2240-2243,accesinfo@bcie.org,1,https://www.bche.org/contactenos,"Edificio Sede BCIE, Boulevard Suyapa, Tegucigalpa, Honduras",es
XM-DAC-46007-302253,1,Banco Centroamericano de Integración Económica,es,,,,,,,,(+504)2240-2243,accesinfo@bcie.org,1,https://www.bche.org/contactenos,"Edificio Sede BCIE, Boulevard Suyapa, Tegucigalpa, Honduras",es
XM-DAC-46007-302302,1,Banco Centroamericano de Integración Económica,es,,,,,,,,(+504)2240-2243,accesinfo@bcie.org,1,https://www.bche.org/contactenos,"Edificio Sede BCIE, Boulevard Suyapa, Tegucigalpa, Honduras",es
XM-DAC-46007-501187,1,Banco Centroamericano de Integración Económica,es,,,,,,,,(+504)2240-2243,accesinfo@bcie.org,1,https://www.bche.org/contactenos,"Edificio Sede BCIE, Boulevard Suyapa, Tegucigalpa, Honduras",es
XM-DAC-46007-302349,1,Banco Centroamericano de Integración Económica,es,,,,,,,,(+504)2240-2243,accesinfo@bcie.org,1,https://www.bche.org/contactenos,"Edificio Sede BCIE, Boulevard Suyapa, Tegucigalpa, Honduras",es
XM-DAC-46007-500791,1,Banco Centroamericano de Integración Económica,es,,,,,,,,(+504)2240-2243,accesinfo@bcie.org,1,https://www.bche.org/contactenos,"Edificio Sede BCIE, Boulevard Suyapa, Tegucigalpa, Honduras",es
XM-DAC-46007-501148,1,Banco Centroamericano de Integración Económica,es,,,,,,,,(+504)2240-2243,accesinfo@bcie.org,1,https://www.bche.org/contactenos,"Edificio Sede BCIE, Boulevard Suyapa, Tegucigalpa, Honduras",es
XM-DAC-46007-500429,1,Banco Centroamericano de Integración Económica,es,,,,,,,,(+504)2240-2243,accesinfo@bcie.org,1,https://www.bche.org/contactenos,"Edificio Sede BCIE, Boulevard Suyapa, Tegucigalpa, Honduras",es
XM-DAC-46007-500640,1,Banco Centroamericano de Integración Económica,es,,,,,,,,(+504)2240-2243,accesinfo@bcie.org,1,https://www.bche.org/contactenos,"Edificio Sede BCIE, Boulevard Suyapa, Tegucigalpa, Honduras",es
XM-DAC-46007-501151,1,Banco Centroamericano de Integración Económica,es,,,,,,,,(+504)2240-2243,accesinfo@bcie.org,1,https://www.bche.org/contactenos,"Edificio Sede BCIE, Boulevard Suyapa, Tegucigalpa, Honduras",es
XM-DAC-46007-501138,1,Banco Centroamericano de Integración Económica,es,,,,,,,,(+504)2240-2243,accesinfo@bcie.org,1,https://www.bche.org/contactenos,"Edificio Sede BCIE, Boulevard Suyapa, Tegucigalpa, Honduras",es
XM-DAC-46007-500212,1,Banco Centroamericano de Integración Económica,es,,,,,,,,(+504)2240-2243,accesinfo@bcie.org,1,https://www.bche.org/contactenos,"Edificio Sede BCIE, Boulevard Suyapa, Tegucigalpa, Honduras",es
XM-DAC-46007-500208,1,Banco Centroamericano de Integración Económica,es,,,,,,,,(+504)2240-2243,accesinfo@bcie.org,1,https://www.bche.org/contactenos,"Edificio Sede BCIE, Boulevard Suyapa, Tegucigalpa, Honduras",es
XM-DAC-46007-500338,1,Banco Centroamericano de Integración Económica,es,,,,,,,,(+504)2240-2243,accesinfo@bcie.org,1,https://www.bche.org/contactenos,"Edificio Sede BCIE, Boulevard Suyapa, Tegucigalpa, Honduras",es
XM-DAC-46007-500422,1,Banco Centroamericano de Integración Económica,es,,,,,,,,(+504)2240-2243,accesinfo@bcie.org,1,https://www.bche.org/contactenos,"Edificio Sede BCIE, Boulevard Suyapa, Tegucigalpa, Honduras",es
XM-DAC-46007-501227,1,Banco Centroamericano de Integración Económica,es,,,,,,,,(+504)2240-2243,accesinfo@bcie.org,1,https://www.bche.org/contactenos,"Edificio Sede BCIE, Boulevard Suyapa, Tegucigalpa, Honduras",es
XM-DAC-46007-500189,1,Banco Centroamericano de Integración Económica,es,,,,,,,,(+504)2240-2243,accesinfo@bcie.org,1,https://www.bche.org/contactenos,"Edificio Sede BCIE, Boulevard Suyapa, Tegucigalpa, Honduras",es
XM-DAC-46007-500734,1,Banco Centroamericano de Integración Económica,es,,,,,,,,(+504)2240-2243,accesinfo@bcie.org,1,https://www.bche.org/contactenos,"Edificio Sede BCIE, Boulevard Suyapa, Tegucigalpa, Honduras",es
XM-DAC-46007-302443,1,Banco Centroamericano de Integración Económica,es,,,,,,,,(+504)2240-2243,accesinfo@bcie.org,1,https://www.bche.org/contactenos,"Edificio Sede BCIE, Boulevard Suyapa, Tegucigalpa, Honduras",es
XM-DAC-46007-302270,1,Banco Centroamericano de Integración Económica,es,,,,,,,,(+504)2240-2243,accesinfo@bcie.org,1,https://www.bche.org/contactenos,"Edificio Sede BCIE, Boulevard Suyapa, Tegucigalpa, Honduras",es
XM-DAC-46007-301839,1,Banco Centroamericano de Integración Económica,es,,,,,,,,(+504)2240-2243,accesinfo@bcie.org,1,https://www.bche.org/contactenos,"Edificio Sede BCIE, Boulevard Suyapa, Tegucigalpa, Honduras",es
XM-DAC-46007-500645,1,Banco Centroamericano de Integración Económica,es,,,,,,,,(+504)2240-2243,accesinfo@bcie.org,1,https://www.bche.org/contactenos,"Edificio Sede BCIE, Boulevard Suyapa, Tegucigalpa, Honduras",es
XM-DAC-46007-501162,1,Banco Centroamericano de Integración Económica,es,,,,,,,,(+504)2240-2243,accesinfo@bcie.org,1,https://www.bche.org/contactenos,"Edificio Sede BCIE, Boulevard Suyapa, Tegucigalpa, Honduras",es
